period,Ygrowth,GCgrowth,Cgrowth,GIgrowth,Igrowth,wgrowth,N,pi,RB,TOP10Ishare,TOP10Wshare,GiniGrossInc,GiniNetInc,GiniWealth
1991-01-01,NaN,NaN,NaN,NaN,NaN,NaN,0.03199334868622916,NaN,NaN,-0.09723653915561448,-0.10886951488741736,-0.0797849697440356,-0.07801626448465404,-0.08012197381869318
1991-04-01,0.002255673083165743,0.04284373316345173,-0.012384282449846818,6.286616694438272e-4,0.00562016159640318,0.017719564380516886,0.021919393870623693,0.013074699451897301,NaN,NaN,NaN,NaN,NaN,NaN
1991-07-01,-0.004926277306632332,-0.004492020363371773,-0.0077314914521900095,0.024834073750745606,-0.0025243062904440157,0.0033539329953916315,0.013799227163400651,0.001982206573845494,NaN,NaN,NaN,NaN,NaN,NaN
1991-10-01,0.010103292625005733,0.00803275860719892,0.012783499089169514,0.016954291693423624,0.004656940007085127,-0.004171983562635403,0.01802457752771236,0.021718478460214886,NaN,NaN,NaN,NaN,NaN,NaN
1992-01-01,0.01295513634903831,-0.0018416903828701418,0.009833180732763158,0.041930359331953625,0.028648154150982947,0.014693472665655207,0.018302951449884475,0.004587897790916598,NaN,-0.11421052554702138,-0.08646980358407896,-0.0939528572627667,-0.11653112584988201,-0.06442853927264675
1992-04-01,-0.010331101031035206,0.006166586429096333,-0.012065609752835793,-0.032724267775953976,-0.016009757816988362,-0.005836042371257263,0.01333993624948615,0.005211862500049661,NaN,NaN,NaN,NaN,NaN,NaN
1992-07-01,-0.00831809737624869,0.016487696742615788,-0.001158963839624572,-0.04652755651078492,-0.04121505707670107,0.02529690248317692,0.0011271648682225077,0.015379152297783064,NaN,NaN,NaN,NaN,NaN,NaN
1992-10-01,-0.007059761787488373,0.0017232461829333363,0.0015616002204612341,-0.003950321975965268,-0.03735047004418771,-0.004355584529428,-0.010817209638394942,0.0369427483038147,NaN,NaN,NaN,NaN,NaN,NaN
1993-01-01,-0.01419372183227654,-0.03315359045391593,7.266027822214523e-4,-0.03282210412227441,-0.03316946255189116,-0.004007755440296776,-0.018602544936556775,0.012875698534312788,NaN,-0.13147761035966798,-0.06289527871835632,-0.10735980933694722,-0.13242764875392177,-0.0481261619267101
1993-04-01,-0.019890639984623947,-0.004168794504454575,-0.02317564290692544,-0.036593150907134366,-0.023032922963099594,-0.010670741998034004,-0.03524570321784637,0.005038030688708764,NaN,NaN,NaN,NaN,NaN,NaN
1993-07-01,0.00126174663145282,-0.004009873053675016,0.005899931032326866,-0.03328710149450457,-9.577029832722832e-4,0.003276271577428461,-0.03846990734461819,0.007885537911009413,NaN,NaN,NaN,NaN,NaN,NaN
1993-10-01,-0.0036780455883998146,-0.007811319319174403,0.005895128778439873,-0.014875873372514429,-0.024478422754699174,0.0027587619701686357,-0.0456690894940861,0.006493351640581827,NaN,NaN,NaN,NaN,NaN,NaN
1994-01-01,0.011193602628139598,0.010006215773208416,0.0020639706375404684,0.02509045504539061,0.035727252425874344,-0.009983877399431549,-0.03901626005768222,-0.009013276084626229,0.01496044174012761,-0.14670969293997582,-0.056444238006956415,-0.11607446143939093,-0.13275471335209477,-0.04275056544810768
1994-04-01,5.973769840321493e-4,-0.0025943418947975243,-0.0014748626637886234,-0.04516167589211376,0.016042328295397496,-0.008395461714881734,-0.04039326064315851,0.0010549940487129903,0.013785441740127611,NaN,NaN,NaN,NaN,NaN
1994-07-01,0.001155714019059428,0.0012852530368517197,0.003912132953548952,-0.04127966595981084,-3.6047653207763974e-4,-0.0012402681006059872,-0.03685347275858675,0.005512707139858611,0.01381877674012761,NaN,NaN,NaN,NaN,NaN
1994-10-01,0.005643961499975458,0.008625381434785907,-5.054230395089791e-4,0.04887901135743119,0.013556589455628506,-4.037345721831535e-4,-0.032180300640658466,0.0012179475794335901,0.014127109240127611,NaN,NaN,NaN,NaN,NaN
1995-01-01,-0.017138616284789764,-0.012606111403419228,-0.006475463556760342,-0.09739033259223599,-0.03932364988088303,0.0027398964394328125,-0.03452981848014147,0.016887649766545533,0.01521877424012761,-0.15273380754335686,-0.044754607178674854,-0.12315025038525895,-0.15826545574347928,-0.0348809351766895
1995-04-01,0.006523043848316345,0.010342463412577763,0.007810982723203996,-0.023733884566115176,0.003311834098443563,0.005164425339834936,-0.033171576039463524,0.012622757265081644,0.01570210924012761,NaN,NaN,NaN,NaN,NaN
1995-07-01,0.0034164320870641914,0.010475966658352532,0.0013254990397590701,0.0013447276135452788,0.0026353891258715416,-0.005657660002542783,-0.028584979391490073,-0.010917529543857293,0.014593774240127609,NaN,NaN,NaN,NaN,NaN
1995-10-01,-0.0017507214867065416,4.854588825025548e-4,0.002512660425842061,-0.04782569957853037,-0.009995905255690976,0.005874465822983979,-0.033142613927029885,-0.0016790122831866951,0.014127109240127611,NaN,NaN,NaN,NaN,NaN
1996-01-01,-0.012831875205551202,-0.006416764440645161,-0.0012286607426877042,-0.04366637431474333,-0.04913056457867807,0.0060417624786984455,-0.04407072363088993,-0.013312142786925848,0.01193544174012761,-0.12460022939615722,-0.029616455414511078,-0.09728778174474362,-0.11943201426611538,-0.02526882522935181
1996-04-01,0.017579037591577175,-0.002324239677984296,5.199582366681495e-4,0.0663601440058151,0.08031314990574752,-0.014911465023694035,-0.04182732577740644,-0.01705719089252391,0.01070210924012761,NaN,NaN,NaN,NaN,NaN
1996-07-01,1.8311283949021782e-4,0.006253751563733579,0.0011224361688959347,0.04429577814066862,-0.01397990500264982,0.002998597641260617,-0.04230810494732218,-0.00312477749716635,0.01036044174012761,NaN,NaN,NaN,NaN,NaN
1996-10-01,0.0017033577660805262,-0.0074061088769385545,0.0015112836690043038,-0.02460322894129489,0.014727568085566597,-0.0023227168545131597,-0.04722405132243601,-0.01513786646450079,0.009327109240127612,NaN,NaN,NaN,NaN,NaN
1997-01-01,-7.479688403420285e-4,-2.665726700547648e-4,0.006003040738174125,-0.036230685961228616,-0.015500581538616812,6.385652037950969e-4,-0.05570125094155465,-0.017604331867998833,0.008960441740127612,-0.09564999273365538,-0.01894209681131309,-0.07487325363629282,-0.08454106625652424,-0.017810227116388577
1997-04-01,0.006136217207824512,-0.0012066141712749438,0.0014114995175737773,0.009458753708806297,0.02622697123563163,-0.006773605596942431,-0.04659282196185632,-0.011020715624549668,0.008677109240127608,NaN,NaN,NaN,NaN,NaN
1997-07-01,-0.0033104181113261747,-0.018070222772747124,-7.746609011973805e-5,-0.026034829497970573,0.00489893996563658,-0.005641451725111465,-0.04542369760194376,-0.007486582545409811,0.00866877424012761,NaN,NaN,NaN,NaN,NaN
1997-10-01,5.954796777804857e-4,-0.01587967134999908,0.0034123548805850886,-0.0815208078551543,0.01792975908350399,0.002154637839827914,-0.04843222630100463,-0.0027022030483983186,0.00894377424012761,NaN,NaN,NaN,NaN,NaN
1998-01-01,0.008811971224343051,0.016983051503102465,-0.0011250883436855433,0.1037063186765937,0.017386821706799466,-0.00108008798876483,-0.04840861741376834,-0.009309221148271726,0.008368774240127611,-0.0758722330176127,-0.005757410783096106,-0.05432063087810024,-0.06387088717357692,-0.009178262852327368
1998-04-01,-0.015028323250407172,-0.009078719047253835,-0.013171772504857482,-0.04088455694178853,-0.022379096033883144,-0.0059750452341217645,-0.04938385845720816,0.00162048214087516,0.008002109240127609,NaN,NaN,NaN,NaN,NaN
1998-07-01,0.003414903090325194,-0.004016671388241421,0.007032347388449911,0.008728555414247849,1.6914238359862677e-4,-0.0011181071893721388,-0.043560694232652075,-0.0018580769344720607,0.00770210924012761,NaN,NaN,NaN,NaN,NaN
1998-10-01,-0.004050508109820572,-0.010319556103562676,0.004771786345277395,-0.0578287182923131,-0.01601214373996755,-9.166036903282297e-4,-0.04391272489937226,0.004326346187660127,0.0069187742401276104,NaN,NaN,NaN,NaN,NaN
1999-01-01,0.0176289260901503,0.03204834006634409,0.010127568598950564,0.19252812203897593,0.0029093995335623584,-0.0031471381124658386,-0.04382015310304954,-0.0034734005984202922,0.005582029041714911,-0.07711640114078078,0.0029367841315056653,-0.05706725654620537,-0.06938222996669596,-0.001432080204286701
1999-04-01,0.0018761383368752545,-0.0023645279390671174,0.0034989397556557163,-3.063330925613763e-4,0.001876124352576299,0.010368464187999606,-0.04234091707874743,-0.0019584072979577285,0.004447634047819915,NaN,NaN,NaN,NaN,NaN
1999-07-01,0.006340338656322086,0.010634024592338021,6.634513062315547e-4,-0.016456372701942595,0.02112551704106987,0.004094100178866214,-0.04006927041384234,-0.00860340517259541,0.00460892658861246,NaN,NaN,NaN,NaN,NaN
1999-10-01,0.0016442124068871463,-0.014193472619428115,0.009522664698485816,-0.001759742271044177,-0.0043010162534235325,0.002063700233667945,-0.038003942530310475,-0.006042265077451,0.006437018663204535,NaN,NaN,NaN,NaN,NaN
2000-01-01,0.014804471799962226,0.01886668672030072,0.010457944027465449,-0.003289944568886464,0.02546381639134661,0.005503226427416266,-0.032250141500332674,-0.0076086185424855315,0.00673198020166607,-0.07214898949836379,-0.002618785713096372,-0.057525761827048605,-0.061126564670610506,-7.554444115043246e-4
2000-04-01,0.003959547059888746,-0.01226133940042069,0.008594049451450236,-0.01505884720786869,0.009263318961375186,0.006062684936619292,-0.030060646684878733,-0.00597872056379469,0.008572457869159868,NaN,NaN,NaN,NaN,NaN
2000-07-01,0.0013921669977319025,-0.00521146145378144,0.001853692520140204,0.004968371030926141,0.006080499799584545,0.004628191147263508,-0.030409330964691783,-0.004172260326383645,0.00970748020166607,NaN,NaN,NaN,NaN,NaN
2000-10-01,-0.002047583816274812,0.0013720735265044144,6.494567832120209e-4,0.01945913220366909,-0.015466141725004304,9.167436317925855e-4,-0.03132203882181894,-0.0024771007498931765,0.010430878248064115,NaN,NaN,NaN,NaN,NaN
2001-01-01,0.0036293142389085317,7.736598196293361e-4,0.008578293177827523,-0.015581362523483003,-0.005012927475903132,-8.204281979487787e-5,-0.03377566230476603,1.7942499001264746e-4,0.009722238615127606,-0.06905684108530963,-0.008205392421736124,-0.05454922843310184,-0.04332014882283075,1.910771925264232e-4
2001-04-01,-0.010156521262114882,-0.010045687899784505,-0.0052575455610306635,-0.02503860359299696,-0.02236642673238635,-0.0023449532793603815,-0.03417395364805831,-0.0024460858507438146,0.009331812707869543,NaN,NaN,NaN,NaN,NaN
2001-07-01,-0.0058366434702554985,-0.005718704216669267,2.832852690885842e-4,-0.011648223864951271,-0.023174082460067396,-0.004898672573233539,-0.03685855847580655,-0.0010399010875432792,0.008555249432435304,NaN,NaN,NaN,NaN,NaN
2001-10-01,-0.004535847379166813,0.013576504463758843,-0.002735276302489065,0.033896006935245936,-0.03401928484964604,-0.00182429568861778,-0.0391647092420051,0.004528569868593272,0.006490997295683166,NaN,NaN,NaN,NaN,NaN
2002-01-01,-0.01193118237988624,-0.009765986510740853,-0.007455694418452974,0.056988346613297956,-0.0386015698220216,-0.0024959783079926716,-0.04150106392990516,-0.0037963310292910193,0.00626411109496632,-0.06843955711509175,-0.008380477776293471,-0.040248678290905615,-0.03231304676586477,0.003698905937875918
2002-04-01,-0.006088228582767275,-2.8804196347160735e-4,-0.005185796629074058,-0.04987780334518247,-0.008819167536208964,1.7833894644589138e-4,-0.041105292479981514,-0.005556566974925589,0.006475600470286345,NaN,NaN,NaN,NaN,NaN
2002-07-01,-0.0027912154843952267,-0.00385761949114145,0.0028514093579594443,-0.004579841780407415,-0.019778489535086912,1.3147485826067468e-4,-0.045445630038194906,3.548076103609774e-4,0.006257600831036701,NaN,NaN,NaN,NaN,NaN
2002-10-01,-4.1897418994831827e-4,0.011489995752338934,-7.121753855756866e-4,-0.034853158107219485,-0.00813240804852026,0.0010205039731337713,-0.05118488675469557,-9.177751748006471e-4,0.005650949552627613,NaN,NaN,NaN,NaN,NaN
2003-01-01,-0.005998775962700509,-0.02803369266463247,0.00400825375605216,-0.033676635259055544,-0.01015120321129285,-0.007445004283013787,-0.05565919693985144,-7.826528238808108e-4,0.0045738544385403096,-0.09216842567836259,-0.008380477776293471,-0.062352802575364574,-0.05808612450534367,0.007194472820702957
2003-04-01,-0.0017120017385876766,-0.003431839489265131,-4.5270768616780845e-4,0.04899881006791714,-0.011782663775981176,8.94985743657842e-4,-0.056284667766322904,-0.004505205449193214,0.003758304643353416,NaN,NaN,NaN,NaN,NaN
2003-07-01,0.00374767949769581,0.015572891726331185,0.0022455083883740953,-0.01858736195986636,-0.0017532615572772119,-6.590024534213505e-4,-0.05539245832175599,-8.300820787101783e-4,0.003208206891642763,NaN,NaN,NaN,NaN,NaN
2003-10-01,-0.003113158490238877,-0.012243243863153851,-9.107341519343452e-4,-0.02892044720769486,0.0037233417639431403,6.254876232814873e-4,-0.06014932735430989,-0.004305549967670538,0.0032337229901276115,NaN,NaN,NaN,NaN,NaN
2004-01-01,-0.011448903282451428,-0.022275439481892655,-0.0034209008580916803,-0.049395488623126184,-0.02119019725877373,-0.005409486109190595,-0.05598334617205314,-0.0014842037934346321,0.0030148558026276114,-0.05373791406758199,0.006910871435284238,-0.03754779886377324,-0.027590487811691267,0.015214833952987228
2004-04-01,0.0013341653482130452,-0.00456407907383256,-7.731745898876055e-6,-0.04520020480755763,0.019111353112197655,-0.0025193250158307727,-0.05687281995625426,1.6290090507318535e-4,0.003069052851238721,NaN,NaN,NaN,NaN,NaN
2004-07-01,-0.0022678558726634494,0.0030998557805595357,-0.0034711862609520198,-0.01074878667224836,-0.0033812826300467043,-0.005370460805489116,-0.05671281557207575,-0.003924764412692313,0.0031511993158851873,NaN,NaN,NaN,NaN,NaN
2004-10-01,-0.00143351095520774,-0.017207234552321937,0.004980017306398498,-0.044360005873291065,1.2666130377943685e-4,-5.079752155909027e-4,-0.05967754590121466,-0.004440535073931181,0.0032704417401276126,NaN,NaN,NaN,NaN,NaN
2005-01-01,-0.008468412023456185,-0.011990044492309736,-0.0019197118338383449,0.008339295526892462,-0.029745469972708143,-0.0023608546827330905,-0.07708730347213155,-0.003902153230448421,0.003211328836901805,0.00299812755479989,0.019250359623029567,0.011788085428988127,0.034072879293946645,0.02198192671785365
2005-04-01,0.010939982031535433,0.01366290975604172,0.006467868568226653,0.026373855809840602,0.02129696586216297,-0.007875526934770036,-0.06564128780449696,-0.004742518092357281,0.0031715571247429974,NaN,NaN,NaN,NaN,NaN
2005-07-01,-8.701545739458142e-4,-0.005545570278398814,-0.0026712110953195593,0.041081459458427304,0.004907852638729467,-0.00999124922739206,-0.06447099587292549,-0.004267098960264911,0.0031868053764912445,NaN,NaN,NaN,NaN,NaN
2005-10-01,-4.203892577183711e-5,-0.012992296952465354,-0.003804467407849255,-0.075548837880875,0.037345164413288355,-0.007883532647699951,-0.059767897774784196,-0.0020700526495694063,0.0037197386151276088,NaN,NaN,NaN,NaN,NaN
2006-01-01,0.01379954896832889,0.017797512054782017,0.018830576692780744,0.056720929973819466,-0.013571998364805863,0.0017548258591089912,-0.048775184731971954,-0.007778923148078506,0.004394441740127612,0.017259635671747375,0.026209566186881306,0.018186059908647745,0.040695420054440046,0.026072991480209362
2006-04-01,0.005550470564248155,-0.01677543614040151,-0.005004652872229865,0.07719555252421569,0.05593757418655961,-0.014908021530843172,-0.04663924876224357,-0.002470618815004785,0.005099594965934063,NaN,NaN,NaN,NaN,NaN
2006-07-01,0.004225897475176521,0.002907743598593405,0.002743178113573141,-0.011609338748656365,0.012593926736825653,0.00483347861040592,-0.03619625711820351,-0.0031373890260986328,0.005914210970896841,NaN,NaN,NaN,NaN,NaN
2006-10-01,0.009414068061111646,-0.002872713277387761,0.0075501488193914,0.004147861851692211,0.028967232052320952,-0.008714596356620561,-0.02576385723301744,-7.840091004003482e-4,0.006835917930603804,NaN,NaN,NaN,NaN,NaN
2007-01-01,-0.00266421251773632,0.002102211755937545,-0.010371518147479076,0.01980928180160853,0.013751564541267877,0.003712015385522208,-0.014581384350957016,0.004513263788284297,0.0074114183026276126,0.06157594277335943,0.04314917459841228,0.04710070782818876,0.07316580508522419,0.03538026191767207
2007-04-01,-0.00422363220696933,-0.008190159429172405,0.0014180670005241366,-0.06516489790231687,-0.009905207056032742,-0.008826501287393072,-0.01593577585919892,-0.0035863534268148114,0.008029917546579224,NaN,NaN,NaN,NaN,NaN
2007-07-01,4.695563094718521e-4,-0.002256453583229189,3.2094267772706485e-4,0.010094843657953175,0.0025587626879797947,4.931334302894193e-4,-0.012442484325448255,-0.0015354636233540133,0.009094787893973767,NaN,NaN,NaN,NaN,NaN
2007-10-01,0.00205425323883166,0.0013216976688608557,-0.0021343296080396316,-5.403843268642441e-4,0.01625816363524975,-0.001894581661778502,-0.010543448596065375,-0.002899941175231754,0.00965641830262761,NaN,NaN,NaN,NaN,NaN
2008-01-01,0.01538317834570766,0.014543418342893012,0.012253823643052475,0.08972686982258733,0.01630914217860176,0.016584376097410782,0.004328664437852403,-0.002698465249341383,0.009051127223998576,0.057503723218938596,0.04977939945053089,0.046274261500157565,0.0678267641058039,0.03928702557921604
2008-04-01,-0.0038660692684191703,0.012095821562554888,-0.0041297290881410435,-0.026028875277159063,-0.01656976646772283,0.002277094501186597,-5.908084954278081e-4,-0.004123877058499056,0.010008605802627614,NaN,NaN,NaN,NaN,NaN
2008-07-01,-0.009113175147449826,-0.01960491509514335,-0.006445095411602675,-0.018342783565978554,-0.005273571718890017,-0.006159936023657195,-0.010475388623133242,-0.0022833681738023883,0.010314759921945794,NaN,NaN,NaN,NaN,NaN
2008-10-01,-0.007002929471577235,0.010039397036151022,-0.010959153118770071,0.023832406135911494,-0.016750137183320895,0.014618394364292655,-0.010256356525284893,-0.0013506615854131012,0.008466379240127612,NaN,NaN,NaN,NaN,NaN
2009-01-01,-0.025835419171976313,0.006755436649657432,-0.01221249260999826,0.0014406248619647974,-0.11243345591890656,-0.014040685781424287,-0.022040877869992315,0.0046590413128399875,-0.0010303201202890564,0.07074537055702079,0.03513443809086003,0.04854534743553718,0.05895454567068337,0.029753815933092953
2009-04-01,0.01134021869686539,0.01339019165247506,0.011624919705412328,0.0436493894361026,0.002408078422400835,0.007979333925929168,-0.024746902356294953,-0.00274742300035726,-0.0015455347911223897,NaN,NaN,NaN,NaN,NaN
2009-07-01,-0.0017215627060312103,0.0072723855779073705,-0.004942973091288461,0.018656160587086152,-0.0051655491971633145,0.0071519920881878115,-0.023360343683306972,-0.0011028990004988883,-0.0034858807725390564,NaN,NaN,NaN,NaN,NaN
2009-10-01,-0.01586476999396804,-0.023651978566357323,-0.01200896370386253,-0.011241203188553742,-0.020983280038317325,-0.00725358212008956,-0.03516114269096171,-1.6276744352296778e-4,-0.001966741969705723,NaN,NaN,NaN,NaN,NaN
2010-01-01,0.03662743654944987,0.04867023980570866,0.02983361502059332,0.011149542735925463,0.04946363595402555,0.02881429137942945,0.008962564128719208,-0.006408632507096465,-0.0017807598033807233,0.05559766409864286,0.026209566186881306,0.038805347111383504,0.06245906469079976,0.02264290896149712
2010-04-01,0.027185832579321924,-0.0034064014481773423,0.02144844791774212,0.06243527947904622,0.07781605974521873,0.0011596675535868435,0.021864215704457735,-0.009064391205910313,-0.0014894720255473899,NaN,NaN,NaN,NaN,NaN
2010-07-01,-0.0017079959563111261,-2.452422727494234e-4,-0.0029563652822955037,0.0017983768721763957,-3.2571716616451194e-5,-0.004360763734107351,0.0263210966682772,0.002125567125851083,-4.884464794557232e-4,NaN,NaN,NaN,NaN,NaN
2010-10-01,-0.007245214127195499,-0.0104708336093426,-0.001410585120193342,-0.06728514252277555,-0.013850578997802435,-0.0067044956001682,0.029258863518766276,-0.0011130107120789403,-2.680428798723898e-4,NaN,NaN,NaN,NaN,NaN
2011-01-01,0.014798209463384037,0.0026566360728553125,0.0028969488726058087,0.05592353728365337,0.06125447325645158,0.009686663501397987,0.034699901657803345,-0.004253826446227757,-4.509633528723897e-4,0.058319494848135256,0.020441950537706144,0.04420515254760704,0.06943147159110552,0.01707703188405202
2011-04-01,0.0028874331521213433,-0.0011699024693458508,0.0021655606785866196,-0.011533165863287268,0.01171645946754459,0.001553073842376876,0.032063858300038106,-0.002359503623257561,5.511924511276104e-4,NaN,NaN,NaN,NaN,NaN
2011-07-01,-0.0029552239970185527,-0.01064582862651382,-0.004204849455059967,-2.843192659571039e-4,0.008890297096787089,-0.0041063047646209576,0.03162500003836932,-3.0660744358403623e-4,5.4070346960943295e-5,NaN,NaN,NaN,NaN,NaN
2011-10-01,-0.002650052872626563,-0.002188865876318013,-8.103341464889228e-4,-0.03882253807729944,-0.0037531898700954676,0.001267988307006221,0.030478312647769457,-7.932220367563771e-4,-0.0022124070744307233,NaN,NaN,NaN,NaN,NaN
2012-01-01,0.006902483927408309,0.0029214584958832564,0.007947704401691102,0.023299899078663994,0.0055082494042613854,0.009920649368979042,0.032226847477075715,-0.0038954422321731044,-0.0029561160953723896,0.04546197946454478,0.01138438199274483,0.0429616290713013,0.06245906469079976,0.010008922175654134
2012-04-01,-0.0026820003594123735,0.0013872905515346819,-0.005005602688684685,-0.05709998983976098,0.007746491062325796,0.005335789604673594,0.028142916164999754,-0.0021313869723696057,-0.0038049105997057233,NaN,NaN,NaN,NaN,NaN
2012-07-01,-0.007202548662865982,-0.009510201250046934,-0.005372292091995657,0.006546557148531326,-0.012400621806841242,-0.00556671780010923,0.02505626197402755,0.001359354917533898,-0.00466452952287239,NaN,NaN,NaN,NaN,NaN
2012-10-01,-0.00415029276534209,0.001370024552546801,-0.004087244554877212,0.008035060370523558,-0.01227985410705316,0.001580614709121378,0.02714839235196198,-0.0010644633730705535,-0.00463953096837239,NaN,NaN,NaN,NaN,NaN
2013-01-01,-0.009672364637374887,0.00854771478552645,-0.005278148565124563,-0.0890110634834788,-0.03379122371987734,0.0035411881268564123,0.022491791486035417,0.002966685803449812,-0.0038414312871223894,0.08434376700875224,0.012756830312481204,0.07117859004915805,0.08560147268533036,0.007999409810770353
2013-04-01,0.004458690195075587,-0.008284538360869797,-0.0010014856269127351,0.08567932132243102,0.025253128454234847,-0.008031501876132694,0.023645210503414837,-0.003687156126587895,-0.0024191117055390567,NaN,NaN,NaN,NaN,NaN
2013-07-01,0.0032391047371207234,0.007205358319437628,0.0012095117153243292,0.004901053030793653,0.004796907441732075,-0.002794839448192618,0.03127083132087716,-3.440900790665693e-4,-0.0030152933160390565,NaN,NaN,NaN,NaN,NaN
2013-10-01,-9.939597180983698e-4,-0.003217432351220361,-0.0076148502797057874,0.018618594268500505,0.019366298474705907,0.0010513462076458787,0.03350286199675523,-0.0011845159538786034,-0.002795128684205723,NaN,NaN,NaN,NaN,NaN
2014-01-01,-9.555523455218266e-4,-0.0025152729793122656,-0.004454875847208295,-0.0402859141308897,0.01692477279946732,-0.00418320546731202,0.03756832037827973,0.001851650458952284,-0.0036294623600390567,0.09749838974355907,0.01839835309623994,0.07780978083079426,0.09110823892836262,0.010276552312404763
2014-04-01,-0.0080873479546695,-0.002545787508397134,-0.006974750155428278,-0.03069990056327813,-0.01471315595632842,-3.16476382950767e-4,0.03444389913153678,1.889351601884557e-4,-0.00415532235187239,NaN,NaN,NaN,NaN,NaN
2014-07-01,0.005365013192550205,0.005680444128204832,0.006971233513127761,-0.008714847503741,0.001783124154618528,0.005004140635705171,0.03529968615089185,-0.003212334960687643,-0.005163446566205723,NaN,NaN,NaN,NaN,NaN
2014-10-01,-3.7024081899008666e-4,-0.003286925185210742,-0.0011295941747573538,0.00983242326302521,0.003734921787378405,-0.0037896309083366468,0.036014530261212485,-0.0011247245858059442,-0.006877139406539057,NaN,NaN,NaN,NaN,NaN
2015-01-01,-0.00823175711102866,-0.006512844243912363,-0.010210847255362832,0.004428425972866043,-0.005934962293873951,-0.003302828530783372,0.03779417685837938,2.270313759642293e-4,-0.008630875806539056,0.09514329248859055,0.018568812484703434,0.07460014918873903,0.08244108027340546,0.009741220393838457
2015-04-01,0.0020307725073906765,2.225342783029223e-4,0.00465811504817879,-0.014104005417877078,-0.002035000437358085,7.664756411517011e-4,0.04015184091404311,9.04917158781585e-4,-0.007716396151539056,NaN,NaN,NaN,NaN,NaN
2015-07-01,6.805082894165478e-4,0.0014005947110509627,-5.536179048786453e-4,0.007634110123705481,0.0025757626004610694,0.00304455671802181,0.036226465014158826,-0.0022918532030478302,-0.008410145033205724,NaN,NaN,NaN,NaN,NaN
2015-10-01,0.007114765046869675,0.010814389989983787,5.539124391986446e-4,0.07356196638040953,0.013662786549421954,0.002275275396348278,0.03658532102866907,-0.00302452641046049,-0.008932318493205724,NaN,NaN,NaN,NaN,NaN
2016-01-01,-0.014238624263193134,-0.016449775364422558,-0.018082334961364376,-0.005657468569529792,-0.0014577551657046033,-0.017460771751443147,0.024885858497490254,-0.0016808877640470867,-0.011024050772372389,0.09357014061722113,0.018739242821715796,0.07057356835075879,0.07423020114101087,0.009339533302677228
2016-04-01,2.5982998843130344e-4,0.005976656557868543,0.0015316021462001613,-0.052211588406087785,-0.002872180140330342,0.0030496868979471266,0.029425710313889297,-0.001660785548663243,-0.011948698216539058,NaN,NaN,NaN,NaN,NaN
2016-07-01,0.004823094937351979,7.606504903657114e-4,0.003983093468572041,0.0076502549619815365,0.011405363536945176,9.131844677535391e-4,0.03277429289809142,-0.003258392705397314,-0.013503128450705722,NaN,NaN,NaN,NaN,NaN
2016-10-01,0.003273395211179175,4.3841670411786174e-4,0.004602446147789796,0.012323492530061783,0.0010344888312861695,0.006504917595320095,0.03229285125087333,-0.0015301541454282499,-0.012411400024872392,NaN,NaN,NaN,NaN,NaN
2017-01-01,0.004175245710322994,0.0014795444207381,0.002873255690430487,0.013728110861588169,0.009661948440192377,0.002115590588997876,0.03777049074035421,-0.002160811189782416,-0.014907437681539057,0.08566704363429378,0.017033630946522327,0.06430014901066816,0.062189921908930135,0.007999409810770353
2017-04-01,0.010453125478869762,0.00323194071555526,0.007908266446592127,0.04960843298080005,0.020490757609351668,3.167451609428513e-5,0.044710788587179806,-5.572855902032017e-4,-0.015449609191539055,NaN,NaN,NaN,NaN,NaN
2017-07-01,-0.009337829136859344,-0.009686794364424722,-0.011739352915636015,-0.014386894394556352,-0.0012303290669547866,-0.010790495939057152,0.0403013029497421,2.442474029451334e-4,-0.015372900961539055,NaN,NaN,NaN,NaN,NaN
2017-10-01,0.014754773695248002,0.019400884491796822,0.01215196832449259,-0.011297267235164258,0.02078165424947261,0.015067771334374171,0.05309146977850521,-0.0018423547053658864,-0.014944784344039057,NaN,NaN,NaN,NaN,NaN
2018-01-01,-0.003989186550191337,-0.013806740040395348,-0.003669903990181989,0.05749742274965038,-0.002945195336595467,0.005801445384772422,0.04337296564403381,-0.0013089180856433926,-0.014923773954872387,0.07396166922884473,0.021632123253220614,0.05450814910605051,0.044264401193518266,0.009875080242776724
2018-04-01,0.01016786635785547,0.008040568717263375,0.007260385383869949,-7.494851749247169e-4,0.022463592061164512,4.858268884449764e-4,0.058534273186098496,-0.0013863231317832372,-0.017198818961539054,NaN,NaN,NaN,NaN,NaN
2018-07-01,-0.0014753616126646166,-0.007337808308095228,-0.004322239705561582,0.025401656391588052,0.009102984396276733,0.0032236345352492897,0.055869938314194734,0.0014937244022603467,-0.01790093892153906,NaN,NaN,NaN,NaN,NaN
2018-10-01,0.003659882962613747,0.003847438887005828,0.001675894138142486,6.009234679383488e-4,0.00949156713471829,-0.004631613231648543,0.06474998766894569,0.0035980388974485664,-0.017610111383205722,NaN,NaN,NaN,NaN,NaN
2019-01-01,7.695641275480055e-4,0.007287961341978778,-0.0031363083801949857,-0.02951725735869785,0.009060430395576654,0.0013729145190504973,0.060250255562595,-0.004172887806078515,-0.018168354644039056,0.07610013569468077,0.0168629096486258,0.0561468221478707,0.052723995920047284,0.0074628571486693995
2019-04-01,0.011617121767000893,0.008321324896725591,0.013286554901912528,0.07280977700733733,0.00145876239347927,0.021037170396182105,0.06105193499902484,-9.713868614569434e-4,-0.019104357053205723,NaN,NaN,NaN,NaN,NaN
2019-07-01,-0.003154510153962309,0.005797962733338258,-0.0051597878187845895,-0.015740717216186677,-0.005475193182926367,-0.009296333863252713,0.06350986451783314,0.0012059490473465915,-0.021211685054039055,NaN,NaN,NaN,NaN,NaN
2019-10-01,-0.01534584836192845,-0.012750596005492065,-0.017076483772116256,-0.039251854669436405,-0.009894082643574867,-0.013341238642567674,0.049996743237825214,0.00187136107745676,-0.01963702869737239,NaN,NaN,NaN,NaN,NaN
2020-01-01,-0.029853680293257655,0.009249280153842455,-0.04759250688831187,0.03411046375923673,-0.03371044650805125,0.008256799544316209,0.031159222912266138,0.0014217122023798354,-0.01984918771737239,0.07610013569468077,0.012585377247337659,0.0561468221478707,0.03379598603452827,0.005448216751990864
2020-04-01,-0.07573609894880942,0.010241272713079886,-0.12023648915103749,0.10026389618087113,-0.08780020231237289,-5.400930945108932e-4,-0.03343375297140394,0.003028502198115993,-0.020286745754872392,NaN,NaN,NaN,NaN,NaN
2020-07-01,0.07307131870479086,0.031555965227955826,0.10469028012344303,-0.07756221093496822,0.06342988181198168,0.03787644137469379,-0.018288721028432597,-0.018112719648673024,-0.020755616734872393,NaN,NaN,NaN,NaN,NaN
2020-10-01,-0.007395405600316951,-0.006934886365751191,-0.02157682835054977,-0.010545155127514564,0.03153772237349347,-0.024690408133807438,0.0036233120708919486,0.0018193138056825462,-0.021486568778205723,NaN,NaN,NaN,NaN,NaN
2021-01-01,0.01324393574848035,0.0261016402515311,0.007790436975970682,0.021681116445982102,0.010644544918241147,0.006036660732398361,0.042847249575702406,0.007064747278986408,-0.01878020969487239,0.07529874657739577,0.016692159199991008,0.05553263439184519,0.042069612932504,0.0074628571486693995
2021-04-01,0.023355401658363674,0.022232386990995102,0.01909167744547411,0.01868836808417503,0.03651328788121674,-0.012070277301227037,0.056770477329951774,-0.005721247379032698,-0.01733172214487239,NaN,NaN,NaN,NaN,NaN
2021-07-01,0.00901791212985945,-0.01462119610378516,0.031929359655633795,-0.03153717392686565,-0.018775546381102053,0.0331654464891534,0.04027151527232142,0.016960516374193692,-0.018074682603205723,NaN,NaN,NaN,NaN,NaN
2021-10-01,0.007721738732431515,-0.0031287915594044417,0.009934460604109607,0.02506171355218741,0.011656014589481808,-0.026525275219430853,0.05837896724332037,0.004912234233997096,-0.014972742454039057,NaN,NaN,NaN,NaN,NaN
2022-01-01,0.020081759813322476,0.0071873947149332824,0.02703618345250789,0.0035281595686396847,0.018288242762824886,-0.013647832780623901,0.06969472315498138,0.01619169875927138,-0.014161670469872389,0.0811607404486312,0.01600886569885851,0.05900805442890289,0.04563370169502279,0.00706025364058066
2022-04-01,-0.006138626793479563,-0.02157356237573489,-0.005406245320075409,-0.035214268945913986,0.014179306531310795,-0.019544814614295945,0.06078601489545754,0.011160776243148688,-0.00845587491237239,NaN,NaN,NaN,NaN,NaN
2022-07-01,0.002146399080910055,-0.0192784014063458,0.008443542560945904,0.0537114167396456,0.0011850382769152585,-0.004390853651903867,0.06228993018243756,0.004380414279076631,-0.0050195102759973895,NaN,NaN,NaN,NaN,NaN
2022-10-01,-0.0239904405873548,-0.018328089441103267,-0.024159281321284774,-0.036262497812337514,-0.02836769329932502,-0.011483309325472178,0.044064429372147274,0.01649319858954399,0.002292824552627609,NaN,NaN,NaN,NaN,NaN
2023-01-01,-0.00580838645006867,-0.023122366562602758,2.593010679834192e-4,-0.022417177948402294,-7.311924873222668e-4,-0.003152593509664711,0.06016776983538197,0.01792818287789142,0.004450326355512222,0.08142637997735491,0.01464087642943368,0.059212115239732355,0.043441919995679035,0.0065231966996377455
2023-04-01,0.003446474069326055,0.0030988407736676667,0.005365871577556835,6.392322154947414e-4,-0.0014038455439335056,0.0019259506089904484,0.06502018794753184,0.0064328912338899955,0.0062664802016660715,NaN,NaN,NaN,NaN,NaN
2023-07-01,-0.01406880784860245,-0.002629273176601509,-0.01814912875977128,0.017520422429531852,-0.020860738417102603,-0.007771923342030504,0.05955251039856879,0.004243870038274514,0.007304134047819919,NaN,NaN,NaN,NaN,NaN
2023-10-01,-0.016123231410555293,7.822489668858797e-4,-0.01670363206607852,-0.0046151189702656,-0.03688704241964317,4.6711985438449306e-4,0.04384471858426675,0.008015107672391756,0.007755018663204531,NaN,NaN,NaN,NaN,NaN
2024-01-01,0.004900936385529886,-0.012881856027756777,0.011562621762943625,0.023262977673937552,0.0034925874883756274,0.018546359537129433,0.055321175237270204,-0.0011059978041232568,0.007669543302627605,0.08142637997735491,0.01600886569885851,0.059212115239732355,0.051092230532141736,0.00706025364058066
2024-04-01,3.8706599186053535e-4,0.017652293138230624,-1.4917224573742817e-4,0.02610158301190187,-0.02417211771392595,-6.403212481097846e-4,0.05840466573676739,8.402092030608075e-4,0.007387518663204535,NaN,NaN,NaN,NaN,NaN
2024-07-01,-0.0035196538803481617,0.0036645215195095122,-0.004697748470911445,-0.019773452060316703,-0.006669093041995182,2.042078872931093e-4,0.05290182065056648,-1.0011201975992055e-4,0.006758396285582156,NaN,NaN,NaN,NaN,NaN
2024-10-01,-0.006915605566711025,-0.007369598985845948,-0.00805221909316003,0.01890015259766494,-0.007933879857345763,-0.012269349700805208,0.050544183062730674,0.0029998089350437938,0.005357714467400336,NaN,NaN,NaN,NaN,NaN
2025-01-01,0.019181095962060836,0.014700418054263188,0.0204796580593267,0.04490657289752006,0.015784505691952184,0.021292157093057398,0.062390666309922516,4.967973498817089e-4,NaN,NaN,NaN,NaN,NaN,NaN
2025-04-01,-0.004955734334883633,0.001553671655092393,-0.004815404998717266,-0.022429798828882557,-0.011128230458754699,0.0033761997694144704,0.06039886087973656,0.004721833646940324,NaN,NaN,NaN,NaN,NaN,NaN
2025-07-01,-0.0032019432407983887,0.002390341275881048,-0.0065965788294655384,-1.9214903357026936e-4,-0.0011666040438395402,0.0011231817788848993,0.06124107142891422,0.00206085927782638,NaN,NaN,NaN,NaN,NaN,NaN
