period,Ygrowth,GCgrowth,Cgrowth,GIgrowth,Igrowth,wgrowth,N,pi,RB,TOP10Ishare,TOP10Wshare,B50Ishare,B50Wshare,GiniGrossInc,GiniNetInc,GiniWealth
1991-01-01,NaN,NaN,NaN,NaN,NaN,NaN,NaN,NaN,NaN,-0.09723653915561448,-0.10886951488741736,0.09586962307643065,0.5790172525973012,-0.0797849697440356,-0.07801626448465404,-0.08012197381869318
1991-04-01,NaN,NaN,NaN,NaN,NaN,NaN,0.021773085838396433,0.013074699451897301,NaN,NaN,NaN,NaN,NaN,NaN,NaN,NaN
1991-07-01,-0.006311612035248158,-0.005583484993885457,-0.009226080284259728,0.023064017137757548,-0.003814953263538158,0.002079080271572742,0.012248726521365327,0.001982206573845494,NaN,NaN,NaN,NaN,NaN,NaN,NaN,NaN
1991-10-01,0.008719926888754616,0.006943262969051722,0.011290879249464505,0.015426810401906105,0.00333351386366003,-0.005444867294089583,0.015071853268232793,0.021718478460214886,NaN,NaN,NaN,NaN,NaN,NaN,NaN,NaN
1992-01-01,0.011573734090945921,-0.002929222542860388,0.008342524371216877,0.040264785495957606,0.027348126564224293,0.013422552412359757,0.013949967051120282,0.004587897790916598,NaN,-0.11421052554702138,-0.08646980358407896,0.10935297341371752,0.4987223699129717,-0.0939528572627667,-0.11653112584988201,-0.06442853927264675
1992-04-01,-0.006105566783306924,0.010685990774928534,-0.007949329608561404,-0.02828979295354736,-0.011777840860829848,-0.0015000261187320453,0.01319362821725889,0.005211862500049661,NaN,NaN,NaN,NaN,NaN,NaN,NaN,NaN
1992-07-01,-0.011033147895033122,0.014066516321933498,-0.003983268461862898,-0.049599722692141496,-0.043838046196768746,0.02269233396918765,-0.0017530515639823108,0.015379152297783064,NaN,NaN,NaN,NaN,NaN,NaN,NaN,NaN
1992-10-01,-0.009767358424735915,-6.904803562093999e-4,-0.0012552505202384255,-0.006802034168475663,-0.03999812708860569,-0.006952699161876829,-0.016423880589037765,0.0369427483038147,NaN,NaN,NaN,NaN,NaN,NaN,NaN,NaN
1993-01-01,-0.016893905122853325,-0.035559903646388794,-0.0020828346118110007,-0.03580761598819224,-0.0357876841835308,-0.006597456726076622,-0.02692825705896773,0.012875698534312788,NaN,-0.13147761035966798,-0.06289527871835632,0.12397765241717518,0.4078286526728987,-0.10735980933694722,-0.13242764875392177,-0.0481261619267101
1993-04-01,-0.011692378013246239,0.0043233375650243875,-0.015086635039001626,-0.028254791327704337,-0.014818786404653906,-0.0023619980218593573,-0.03539201125007363,0.005038030688708764,NaN,NaN,NaN,NaN,NaN,NaN,NaN,NaN
1993-07-01,0.0015250951620029997,-0.0034526544250218063,0.006054025459421376,-0.033310868662463106,-6.123719202491677e-4,0.003650102112773801,-0.0383717247274884,0.007885537911009413,NaN,NaN,NaN,NaN,NaN,NaN,NaN,NaN
1993-10-01,-0.0034146372675542534,-0.007254040900225811,0.006049282995831541,-0.014829379354828282,-0.024144067868107813,0.0031326522958111335,-0.045326356437302096,0.006493351640581827,NaN,NaN,NaN,NaN,NaN,NaN,NaN,NaN
1994-01-01,0.011457070768531809,0.010563554011703658,0.0022181846744805623,0.025211535698589943,0.036050304004425035,-0.009609927254240624,-0.03842891674169824,-0.009013276084626229,0.01496044174012761,-0.14670969293997582,-0.056444238006956415,0.13142892511291748,0.3712615072544794,-0.11607446143939093,-0.13275471335209477,-0.04275056544810768
1994-04-01,-1.1741648298685273e-4,-0.003015265263713496,-0.0022989102342615185,-0.04572826713754283,0.015345575067727978,-0.008999773177103798,-0.04053956867538577,0.0010549940487129903,0.013785441740127611,NaN,NaN,NaN,NaN,NaN,NaN,NaN
1994-07-01,0.001887469145536004,0.002310878261432214,0.004534633976571635,-0.04083743835117923,4.521680082486975e-4,-3.980309693324747e-4,-0.03628688354552967,0.005512707139858611,0.01381877674012761,NaN,NaN,NaN,NaN,NaN,NaN,NaN
1994-10-01,0.006376225211526533,0.009651515244439125,1.1758656858820282e-4,0.049319760347313585,0.014369176541756111,4.39011144164858e-4,-0.03090030559724255,0.0012179475794335901,0.014127109240127611,NaN,NaN,NaN,NaN,NaN,NaN,NaN
1995-01-01,-0.016405843261994846,-0.011579468282521276,-0.005851944637419314,-0.0968070608061585,-0.03853077196763584,0.00358315146702467,-0.03253590829512287,0.016887649766545533,0.01521877424012761,-0.15273380754335686,-0.044754607178674854,0.1396916379191273,0.3255392579163843,-0.12315025038525895,-0.15826545574347928,-0.0348809351766895
1995-04-01,0.0044016835122627235,0.008514973174627172,0.005580368283696481,-0.025767599999858865,0.0012200529883367602,0.00315354700857825,-0.033317884071690784,0.012622757265081644,0.01570210924012761,NaN,NaN,NaN,NaN,NaN,NaN,NaN
1995-07-01,0.002234889570892408,0.009588294240282891,3.4702420131617166e-5,-2.1328162005049365e-4,0.0015439722278335773,-0.0067287205139176295,-0.02993168782108313,-0.010917529543857293,0.014593774240127609,NaN,NaN,NaN,NaN,NaN,NaN,NaN
1995-10-01,-0.002930824769251826,-4.00774301937923e-4,0.0012233030398464363,-0.04907237799835781,-0.011126144969005282,0.004804844545237408,-0.0356882835203578,-0.0016790122831866951,0.014127109240127611,NaN,NaN,NaN,NaN,NaN,NaN,NaN
1996-01-01,-0.014010542701502869,-0.007301561838494686,-0.002516582342093264,-0.0450740506127528,-0.0502385745405048,0.004973576987543716,-0.04781391860136175,-0.013312142786925848,0.01193544174012761,-0.12460022939615722,-0.029616455414511078,0.11291803957821367,0.27147203664610853,-0.09728778174474362,-0.11943201426611538,-0.02526882522935181
1996-04-01,0.021194782411014856,0.001585375239556419,0.004026448952650165,0.06991666651677955,0.0839781163767132,-0.011185238199461189,-0.041973633809633704,-0.01705719089252391,0.01070210924012761,NaN,NaN,NaN,NaN,NaN,NaN,NaN
1996-07-01,6.509406178144008e-4,0.007015449440160792,0.0014810098437662246,0.04461949036372728,-0.01345213763149873,0.0035769074243817366,-0.04200544308241749,-0.00312477749716635,0.01036044174012761,NaN,NaN,NaN,NaN,NaN,NaN,NaN
1996-10-01,0.002171387208917354,-0.006644209335998697,0.0018700590083872383,-0.024357731050626524,0.01526553977193361,-0.0017442054068776192,-0.04647221789588585,-0.01513786646450079,0.009327109240127612,NaN,NaN,NaN,NaN,NaN,NaN,NaN
1997-01-01,-2.7973755174553897e-4,4.955287166447551e-4,0.006362017923316722,-0.0358281542309947,-0.014982413307896692,0.0012172784971867467,-0.05450004410760201,-0.017604331867998833,0.008960441740127612,-0.09564999273365538,-0.01894209681131309,0.09178891009109358,0.22082830382735352,-0.07487325363629282,-0.08454106625652424,-0.017810227116388577
1997-04-01,0.004807560222835962,-0.002241401058160464,-2.6411570868666197e-5,0.00798598116855223,0.024958253843469988,-0.007991780577134044,-0.046739129994083584,-0.011020715624549668,0.008677109240127608,NaN,NaN,NaN,NaN,NaN,NaN,NaN
1997-07-01,-0.004544138297231269,-0.019010072860550075,-0.0014204403794787256,-0.027328832401770503,0.0037151190607053615,-0.006764689906219623,-0.04682258370126924,-0.007486582545409811,0.00866877424012761,NaN,NaN,NaN,NaN,NaN,NaN,NaN
1997-10-01,-6.36673518884022e-4,-0.01681795444855878,0.002070947580468464,-0.08307139489897883,0.016777413366713942,0.0010329666479603427,-0.05108212347818508,-0.0027022030483983186,0.00894377424012761,NaN,NaN,NaN,NaN,NaN,NaN,NaN
1998-01-01,0.00758138110117851,0.016046331478040955,-0.002464932570303978,0.10242209845268838,0.0162063436012682,-0.0022001961071306587,-0.05230796259530557,-0.009309221148271726,0.008368774240127611,-0.0758722330176127,-0.005757410783096106,0.06880995783236221,0.16290565609464913,-0.05432063087810024,-0.06387088717357692,-0.009178262852327368
1998-04-01,-0.011256428219904078,-0.0050129539186486,-0.009509131577810057,-0.03717292354004273,-0.018557043227135653,-0.002092668198823511,-0.04953016648943542,0.00162048214087516,0.008002109240127609,NaN,NaN,NaN,NaN,NaN,NaN,NaN
1998-07-01,0.003755600562015461,-0.0033821038184490117,0.0072637907566845085,0.00884128340416171,5.795612646965361e-4,-6.669277128867114e-4,-0.04338516267438308,-0.0018580769344720607,0.00770210924012761,NaN,NaN,NaN,NaN,NaN,NaN,NaN
1998-10-01,-0.003709707024061869,-0.009684884919700942,0.005003333327583982,-0.057632032761819024,-0.015611403061381935,-4.6532059977258964e-4,-0.04341525013653591,0.004326346187660127,0.0069187742401276104,NaN,NaN,NaN,NaN,NaN,NaN,NaN
1999-01-01,0.017969830856715163,0.032683114931013765,0.010359219262061539,0.19272491125027705,0.003310243892955021,-0.0026957513411022594,-0.04300063145483879,-0.0034734005984202922,0.005582029041714911,-0.07711640114078078,0.0029367841315056653,0.0706678311024802,0.11112938657092908,-0.05706725654620537,-0.06938222996669596,-0.001432080204286701
1999-04-01,9.291665376303672e-4,-0.0030176296402098625,0.002442713852956936,-0.0013974204470726679,9.890921461583198e-4,0.009531974393551657,-0.04248722511097469,-0.0019584072979577285,0.004447634047819915,NaN,NaN,NaN,NaN,NaN,NaN,NaN
1999-07-01,0.006681986083989346,0.0112695421181092,8.958446304449209e-4,-0.01625884082954085,0.021527104061564037,0.0045462296113304105,-0.03989278889959458,-0.00860340517259541,0.00460892658861246,NaN,NaN,NaN,NaN,NaN,NaN,NaN
1999-10-01,0.0019859640612918685,-0.013557850866923026,0.00975516224943487,-0.0015621061719067473,-0.00389932500619279,0.002515933892869604,-0.03750456724285112,-0.006042265077451,0.006437018663204535,NaN,NaN,NaN,NaN,NaN,NaN,NaN
2000-01-01,0.015146327748428336,0.019502412766872524,0.010690545872481218,-0.003092204175682318,0.025865611932642293,0.005955564380681089,-0.03142776814559767,-0.0076086185424855315,0.00673198020166607,-0.07214898949836379,-0.002618785713096372,0.07391082676378558,0.07672795985359704,-0.057525761827048605,-0.061126564670610506,-7.554444115043246e-4
2000-04-01,0.0030097235541196045,-0.012917292808087687,0.007534971842225425,-0.016152786268905123,0.008373435048431176,0.005223343435645312,-0.030206954717105994,-0.00597872056379469,0.008572457869159868,NaN,NaN,NaN,NaN,NaN,NaN,NaN
2000-07-01,0.001765971049864591,-0.004543787303546609,0.0021182424688189995,0.005125524801760677,0.006523416620342658,0.005112477204191357,-0.03020069282597948,-0.004172260326383645,0.00970748020166607,NaN,NaN,NaN,NaN,NaN,NaN,NaN
2000-10-01,-0.0016736537326226806,0.002039873708258688,9.141327634084829e-4,0.019690732581196274,-0.015032163491239437,0.0014011557202416535,-0.030758328480646746,-0.0024771007498931765,0.010430878248064115,NaN,NaN,NaN,NaN,NaN,NaN,NaN
2001-01-01,0.004003370443612044,0.0014415861224367664,0.008843095279078918,-0.015209399699664145,-0.004597482755420558,4.024953897073468e-4,-0.03285675364008167,1.7942499001264746e-4,0.009722238615127606,-0.06905684108530963,-0.008205392421736124,0.06973932592899512,0.041100782210445885,-0.05454922843310184,-0.04332014882283075,1.910771925264232e-4
2001-04-01,-0.011202880077834263,-0.010798176617399968,-0.006413158480203939,-0.02630035126147065,-0.023343576611315323,-0.003280830090282827,-0.03432026168028557,-0.0024460858507438146,0.009331812707869543,NaN,NaN,NaN,NaN,NaN,NaN,NaN
2001-07-01,-0.00523497146818269,-0.004823162116491653,7.757031677092753e-4,-0.011190667418143091,-0.022512470865165904,-0.004186518566362018,-0.03642205238715146,-0.0010399010875432792,0.008555249432435304,NaN,NaN,NaN,NaN,NaN,NaN,NaN
2001-10-01,-0.0039338355066990665,0.014472386434326957,-0.0022425185334787644,0.03428408303946631,-0.03334747713771209,-0.0011118018113566498,-0.03814504916207806,0.004528569868593272,0.006490997295683166,NaN,NaN,NaN,NaN,NaN,NaN,NaN
2002-01-01,-0.011328830240407482,-0.008869764273158175,-0.0069625963824263325,0.05751640341049216,-0.03794913433635701,-0.0017831441637152002,-0.03989790959168982,-0.0037963310292910193,0.00626411109496632,-0.06843955711509175,-0.008380477776293471,0.04290787400556484,-0.006653649085454294,-0.040248678290905615,-0.03231304676586477,0.003698905937875918
2002-04-01,-0.007818833072017637,-0.00172477635461894,-0.007025655221778314,-0.05161446858172,-0.010510488681665443,-0.001441783538007535,-0.041251600512208775,-0.005556566974925589,0.006475600470286345,NaN,NaN,NaN,NaN,NaN,NaN,NaN
2002-07-01,-0.0019724919658734006,-0.0027450258745165936,0.0035608787730291537,-0.003974515199153123,-0.018889635954221953,0.0010606803815812137,-0.04479207243309169,3.548076103609774e-4,0.006257600831036701,NaN,NaN,NaN,NaN,NaN,NaN,NaN
2002-10-01,4.0038962579675005e-4,0.01260322966618881,-2.065673284511356e-6,-0.03438812598865057,-0.0072216474354261494,0.0019503497936757762,-0.04973082321503863,-9.177751748006471e-4,0.005650949552627613,NaN,NaN,NaN,NaN,NaN,NaN,NaN
2003-01-01,-0.005178770823784871,-0.02691981742761469,0.004719004791512128,-0.032786689228181926,-0.009302795813533727,-0.0065145171393029885,-0.05340398614247288,-7.826528238808108e-4,0.0045738544385403096,-0.09216842567836259,-0.008380477776293471,0.06787972520714258,-0.0511054116562879,-0.062352802575364574,-0.05808612450534367,0.007194472820702957
2003-04-01,-0.004094662687001259,-0.005520630339576571,-0.002944622738035284,0.04646854505331258,-0.014105526465761976,-0.001377193199958804,-0.056430975798550165,-0.004505205449193214,0.003758304643353416,NaN,NaN,NaN,NaN,NaN,NaN,NaN
2003-07-01,0.0046527648824590834,0.01677184720919749,0.003041339669683475,-0.01789551735073322,-7.775493365157053e-4,3.565649361388589e-4,-0.05465253885041221,-8.300820787101783e-4,0.003208206891642763,NaN,NaN,NaN,NaN,NaN,NaN,NaN
2003-10-01,-0.0022072870095761186,-0.01104350228438895,-1.1411677472725635e-4,-0.0282304092871338,0.0046997421877236645,0.0016418411087394057,-0.05852239428349648,-0.004305549967670538,0.0032337229901276115,NaN,NaN,NaN,NaN,NaN,NaN,NaN
2004-01-01,-0.010542244310097258,-0.021074910411433678,-0.002623495989189627,-0.048486368496969495,-0.020244953639192945,-0.004392345132037711,-0.05346861201007602,-0.0014842037934346321,0.0030148558026276114,-0.05373791406758199,0.006910871435284238,0.04719257468111371,-0.11564393279385898,-0.03754779886377324,-0.027590487811691267,0.015214833952987228
2004-04-01,-0.0013080189647982064,-0.00691239328874167,-0.0027591701623640207,-0.048061363380065364,0.016539873987323636,-0.005051027324045087,-0.05701912798848152,1.6290090507318535e-4,0.003069052851238721,NaN,NaN,NaN,NaN,NaN,NaN,NaN
2004-07-01,-0.004685368445747682,9.762133055783327e-4,-0.005997952937490146,-0.013388910816965,-0.005728311480484095,-0.007677491373776412,-0.05929549405857859,-0.003924764412692313,0.0031511993158851873,NaN,NaN,NaN,NaN,NaN,NaN,NaN
2004-10-01,-0.0038451020512890164,-0.01932495555030107,0.002459172106863329,-0.04691898600011965,-0.0022250098414438716,-0.0028090843068752426,-0.06469067336499368,-0.004440535073931181,0.0032704417401276126,NaN,NaN,NaN,NaN,NaN,NaN,NaN
2005-01-01,-0.0035827347107139627,-0.006810497081463596,0.002856711375449984,0.01324279673657705,-0.024821116674919333,0.002635304634806068,-0.07723361150435881,-0.003902153230448421,0.003211328836901805,0.00299812755479989,0.019250359623029567,-0.014026047746787063,-0.1813953103566397,0.011788085428988127,0.034072879293946645,0.02198192671785365
2005-04-01,0.010958839912727671,0.013975637735336988,0.0063774723459649975,0.026168428175408126,0.021386502456111442,-0.007746187048780861,-0.06578759583672422,-0.004742518092357281,0.0031715571247429974,NaN,NaN,NaN,NaN,NaN,NaN,NaN
2005-07-01,-8.512966927535768e-4,-0.005232842299103546,-0.002761607317581215,0.04088160553651035,0.004997099378949365,-0.009861909341402885,-0.06461730390515275,-0.004267098960264911,0.0031868053764912445,NaN,NaN,NaN,NaN,NaN,NaN,NaN
2005-10-01,-2.3181044579599717e-5,-0.012679568973170085,-0.0038948636301109106,-0.0755994993071046,0.037413512621106745,-0.007754192761710776,-0.059914205807011456,-0.0020700526495694063,0.0037197386151276088,NaN,NaN,NaN,NaN,NaN,NaN,NaN
2006-01-01,0.013818406849521127,0.018110240034077286,0.018740180470519088,0.056671651481487034,-0.013503436986330343,0.0018841657450981652,-0.048921492764199215,-0.007778923148078506,0.004394441740127612,0.017259635671747375,0.026209566186881306,-0.01807463627278727,-0.24141332008289274,0.018186059908647745,0.040695420054440046,0.026072991480209362
2006-04-01,0.005569328445440393,-0.016462708161106242,-0.0050950490944915204,0.07699431566840156,0.05602660775612238,-0.014778681644853997,-0.04678555679447083,-0.002470618815004785,0.005099594965934063,NaN,NaN,NaN,NaN,NaN,NaN,NaN
2006-07-01,0.0042447553563687585,0.0032204715778886726,0.0026527818913114854,-0.011734596422729643,0.012672724210844798,0.004962818496395094,-0.03634256515043077,-0.0031373890260986328,0.005914210970896841,NaN,NaN,NaN,NaN,NaN,NaN,NaN
2006-10-01,0.009432925942303884,-0.0025599852980924933,0.007459752597129744,0.003952983263467851,0.02905519992612364,-0.008585256470631386,-0.0259101652652447,-7.840091004003482e-4,0.006835917930603804,NaN,NaN,NaN,NaN,NaN,NaN,NaN
2007-01-01,-0.0026453546365440826,0.0024149397352328126,-0.01046191436974073,0.019821660685310244,0.013812161577080694,0.003841355271511382,-0.014727692383184277,0.004513263788284297,0.0074114183026276126,0.06157594277335943,0.04314917459841228,-0.05001965039469236,-0.3350067612681631,0.04710070782818876,0.07316580508522419,0.03538026191767207
2007-04-01,-0.0042047743257770925,-0.007877431449877136,0.001327670778262481,-0.06528634503934069,-0.009826418805624805,-0.008697161401403896,-0.01608208389142618,-0.0035863534268148114,0.008029917546579224,NaN,NaN,NaN,NaN,NaN,NaN,NaN
2007-07-01,4.884141906640895e-4,-0.0019437256039339214,2.305464554654092e-4,0.009826870496828649,0.0026556034443285122,6.224733162785933e-4,-0.012588792357675516,-0.0015354636233540133,0.009094787893973767,NaN,NaN,NaN,NaN,NaN,NaN,NaN
2007-10-01,0.0020731111200238974,0.0016344256481561235,-0.0022247258303012872,-6.650292327662075e-4,0.01633675011434514,-0.001765241775789328,-0.010689756628292635,-0.002899941175231754,0.00965641830262761,NaN,NaN,NaN,NaN,NaN,NaN,NaN
2008-01-01,0.015402036226899897,0.01485614632218828,0.01216342742079082,0.08973644021499974,0.016370438594524847,0.016713715983399956,0.004182356405625143,-0.002698465249341383,0.009051127223998576,0.057503723218938596,0.04977939945053089,-0.050543347709620434,-0.39728369078967773,0.046274261500157565,0.0678267641058039,0.03928702557921604
2008-04-01,-0.003847211387226933,0.012408549541850156,-0.004220125310402699,-0.026152797475698625,-0.01649108105314985,0.002406434387175771,-7.371165276550684e-4,-0.004123877058499056,0.010008605802627614,NaN,NaN,NaN,NaN,NaN,NaN,NaN
2008-07-01,-0.009094317266257588,-0.01929218711584808,-0.006535491633864331,-0.018600146831445924,-0.00517718994921308,-0.00603059613766802,-0.010621696655360502,-0.0022833681738023883,0.010314759921945794,NaN,NaN,NaN,NaN,NaN,NaN,NaN
2008-10-01,-0.0069840715903849975,0.01035212501544629,-0.011049549341031726,0.023708761305946263,-0.01667118326639956,0.01474773425028183,-0.010402664557512153,-0.0013506615854131012,0.008466379240127612,NaN,NaN,NaN,NaN,NaN,NaN,NaN
2009-01-01,-0.02581656129078408,0.0070681646289527,-0.012302888832259915,0.001443592233482698,-0.11237344117010524,-0.013911345895435112,-0.022187185902219575,0.0046590413128399875,-0.0010303201202890564,0.07074537055702079,0.03513443809086003,-0.049496227195094944,-0.3126177663746841,0.04854534743553718,0.05895454567068337,0.029753815933092953
2009-04-01,0.011359076578057627,0.013702919631770328,0.011534523483150674,0.04352169137767517,0.002486837426263143,0.008108673811918344,-0.024893210388522213,-0.00274742300035726,-0.0015455347911223897,NaN,NaN,NaN,NaN,NaN,NaN,NaN
2009-07-01,-0.001702704824838973,0.007585113557202638,-0.005033369313550117,0.01840992074791528,-0.0050669231030347605,0.007281331974176986,-0.023506651715534232,-0.0011028990004988883,-0.0034858807725390564,NaN,NaN,NaN,NaN,NaN,NaN,NaN
2009-10-01,-0.015845912112775806,-0.023339250587062054,-0.012099359926124185,-0.011366119485385878,-0.02090442496486007,-0.007124242234100386,-0.03530745072318897,-1.6276744352296778e-4,-0.001966741969705723,NaN,NaN,NaN,NaN,NaN,NaN,NaN
2010-01-01,0.0366462944306421,0.048982967785003925,0.029743218798331663,0.011083746931944832,0.049532447757482265,0.028943631265418622,0.008816256096491948,-0.006408632507096465,-0.0017807598033807233,0.05559766409864286,0.026209566186881306,-0.039084889006853585,-0.2345639782373179,0.038805347111383504,0.06245906469079976,0.02264290896149712
2010-04-01,0.027204690460514158,-0.0030936734688820746,0.021358051695480464,0.06231002180497294,0.07789485721923788,0.0012890074395760175,0.021717907672230474,-0.009064391205910313,-0.0014894720255473899,NaN,NaN,NaN,NaN,NaN,NaN,NaN
2010-07-01,-0.0016891380751188887,6.748570654584434e-5,-0.0030467615045571593,0.001673119198103117,4.622575740269438e-5,-0.004231423848118176,0.02617478863604994,0.002125567125851083,-4.884464794557232e-4,NaN,NaN,NaN,NaN,NaN,NaN,NaN
2010-10-01,-0.007226356246003261,-0.010158105630047331,-0.0015009813424549977,-0.06741040019684882,-0.01377178152378329,-0.006575155714179026,0.029112555486539016,-0.0011130107120789403,-2.680428798723898e-4,NaN,NaN,NaN,NaN,NaN,NaN,NaN
2011-01-01,0.014817067344576275,0.0029693640521505802,0.002806552650344153,0.055854803929183655,0.06132469649690046,0.009816003387387163,0.034553593625576084,-0.004253826446227757,-4.509633528723897e-4,0.058319494848135256,0.020441950537706144,-0.05106731942713605,-0.17173339944490262,0.04420515254760704,0.06943147159110552,0.01707703188405202
2011-04-01,0.0029062910333135807,-8.571744900505831e-4,0.002075164456324964,-0.01165821187782709,0.011795407746208951,0.00168241372836605,0.031917550267810846,-0.002359503623257561,5.511924511276104e-4,NaN,NaN,NaN,NaN,NaN,NaN,NaN
2011-07-01,-0.0029363661158263153,-0.010333100647218551,-0.004295245677321623,-5.225069008068803e-4,0.008985798853155579,-0.003976964878631783,0.03147869200614206,-3.0660744358403623e-4,5.4070346960943295e-5,NaN,NaN,NaN,NaN,NaN,NaN,NaN
2011-10-01,-0.0026311949914343256,-0.001876137897022745,-9.007303687505784e-4,-0.03894952074110866,-0.003674417758567096,0.001397328192995395,0.030332004615542196,-7.932220367563771e-4,-0.0022124070744307233,NaN,NaN,NaN,NaN,NaN,NaN,NaN
2012-01-01,0.006921341808600547,0.003234186475178524,0.007857308179429447,0.023232560375966133,0.005578791387347003,0.010049989254968217,0.032080539444848455,-0.0038954422321731044,-0.0029561160953723896,0.04546197946454478,0.01138438199274483,-0.05684920150035366,-0.1065940972739412,0.0429616290713013,0.06245906469079976,0.010008922175654134
2012-04-01,-0.002663142478220136,0.0017000185308299496,-0.005095998910946341,-0.05722524751383426,0.007825288536344942,0.005465129490662768,0.027996608132772494,-0.0021313869723696057,-0.0038049105997057233,NaN,NaN,NaN,NaN,NaN,NaN,NaN
2012-07-01,-0.007183690781673744,-0.009197473270751665,-0.005462688314257312,0.0064794846779764595,-0.012329931312526533,-0.005437377914120056,0.02490995394180029,0.001359354917533898,-0.00466452952287239,NaN,NaN,NaN,NaN,NaN,NaN,NaN
2012-10-01,-0.004131434884149852,0.0016827525318420687,-0.004177640777138868,0.007851617492931867,-0.012192949653329578,0.001709954595110552,0.02700208431973472,-0.0010644633730705535,-0.00463953096837239,NaN,NaN,NaN,NaN,NaN,NaN,NaN
2013-01-01,-0.009653506756182649,0.00886044276482172,-0.005368544787386219,-0.08913632115755207,-0.0337124262458582,0.0036705280128455863,0.022345483453808157,0.002966685803449812,-0.0038414312871223894,0.08434376700875224,0.012756830312481204,-0.09444761505736121,-0.06541180730752583,0.07117859004915805,0.08560147268533036,0.007999409810770353
2013-04-01,0.004477548076267825,-0.007971810381574528,-0.0010918818491743908,0.08561062953348744,0.02532379786244958,-0.007902161990143519,0.023498902471187577,-0.003687156126587895,-0.0024191117055390567,NaN,NaN,NaN,NaN,NaN,NaN,NaN
2013-07-01,0.003257962618312961,0.007518086298732895,0.0011191154930626735,0.004719229471590674,0.004883832981555635,-0.002665499562203444,0.031124523288649897,-3.440900790665693e-4,-0.0030152933160390565,NaN,NaN,NaN,NaN,NaN,NaN,NaN
2013-10-01,-9.751018369061324e-4,-0.0029047043719250933,-0.007705246501967443,0.01849333659442723,0.019445095948725052,0.0011806860936350526,0.03335655396452797,-0.0011845159538786034,-0.002795128684205723,NaN,NaN,NaN,NaN,NaN,NaN,NaN
2014-01-01,-9.366944643295892e-4,-0.002202545000016998,-0.004545272069469951,-0.04041117180496298,0.017003570273486465,-0.004053865581322846,0.03742201234605247,0.001851650458952284,-0.0036294623600390567,0.09749838974355907,0.01839835309623994,-0.1015885407602859,-0.0770061400884452,0.07780978083079426,0.09110823892836262,0.010276552312404763
2014-04-01,-0.008068490073477262,-0.0022330595291018664,-0.007065146377689934,-0.030825158237351408,-0.014634358482309274,-1.8713649696159304e-4,0.03429759109930952,1.889351601884557e-4,-0.00415532235187239,NaN,NaN,NaN,NaN,NaN,NaN,NaN
2014-07-01,0.005383871073742443,0.0059931721075001,0.006880837290866105,-0.008897743726491297,0.0018696010290305972,0.005133480521694345,0.03515337811866459,-0.003212334960687643,-0.005163446566205723,NaN,NaN,NaN,NaN,NaN,NaN,NaN
2014-10-01,-3.5138293779784927e-4,-0.0029741972059154744,-0.0012199903970190095,0.009764804137628952,0.003806039861004627,-0.003660291022347473,0.035868222228985225,-0.0011247245858059442,-0.006877139406539057,NaN,NaN,NaN,NaN,NaN,NaN,NaN
2015-01-01,-0.008212899229836422,-0.006200116264617095,-0.010301243477624487,0.0043031682987927635,-0.005856164819854804,-0.003173488644794198,0.03764786882615212,2.270313759642293e-4,-0.008630875806539056,0.09514329248859055,0.018568812484703434,-0.09609100080109112,-0.0770061400884452,0.07460014918873903,0.08244108027340546,0.009741220393838457
2015-04-01,0.002049630388582914,5.352622575981901e-4,0.004567718825917134,-0.014229263091950356,-0.001956202963338939,8.958155271408751e-4,0.04000553288181585,9.04917158781585e-4,-0.007716396151539056,NaN,NaN,NaN,NaN,NaN,NaN,NaN
2015-07-01,6.993661706087852e-4,0.0017133226903462305,-6.440141271403009e-4,0.007508852449632202,0.0026545600744802152,0.003173896604010984,0.036080156981931566,-0.0022918532030478302,-0.008410145033205724,NaN,NaN,NaN,NaN,NaN,NaN,NaN
2015-10-01,0.007133622928061913,0.011127117969279055,4.6351621693698896e-4,0.07343670870633626,0.0137415840234411,0.002404615282337452,0.03643901299644181,-0.00302452641046049,-0.008932318493205724,NaN,NaN,NaN,NaN,NaN,NaN,NaN
2016-01-01,-0.014219766382000896,-0.01613704738512729,-0.018172731183626032,-0.005782726243603071,-0.0013789576916854577,-0.017331431865453974,0.024739550465262994,-0.0016808877640470867,-0.011024050772372389,0.09357014061722113,0.018739242821715796,-0.08572821376554463,-0.07992585019177989,0.07057356835075879,0.07423020114101087,0.009339533302677228
2016-04-01,2.7868786962354083e-4,0.006289384537163811,0.0014412059239385057,-0.052284251870770765,-0.0028005907306930104,0.0031790267839363006,0.029279402281662037,-0.001660785548663243,-0.011948698216539058,NaN,NaN,NaN,NaN,NaN,NaN,NaN
2016-07-01,0.004841952818544217,0.0010733784696609792,0.003892697246310385,0.007472403078517958,0.011491369075346135,0.001042524353742713,0.03262798486586416,-0.003258392705397314,-0.013503128450705722,NaN,NaN,NaN,NaN,NaN,NaN,NaN
2016-10-01,0.0032922530923714124,7.511446834131295e-4,0.00451204992552814,0.012147285932273905,0.001120346183663677,0.0066342574813092695,0.03214654321864607,-0.0015301541454282499,-0.012411400024872392,NaN,NaN,NaN,NaN,NaN,NaN,NaN
2017-01-01,0.004194103591515232,0.0017922724000333677,0.0027828594681688313,0.01365380211122949,0.00973368603585316,0.00224493047498705,0.03762418270812695,-0.002160811189782416,-0.014907437681539057,0.08566704363429378,0.017033630946522327,-0.07762225206158413,-0.0770061400884452,0.06430014901066816,0.062189921908930135,0.007999409810770353
2017-04-01,0.010471983360062,0.0035446686948505278,0.007817870224330472,0.049577957544606394,0.020555928970287615,1.610144020834591e-4,0.044564480554952546,-5.572855902032017e-4,-0.015449609191539055,NaN,NaN,NaN,NaN,NaN,NaN,NaN
2017-07-01,-0.009318971255667106,-0.009374066385129453,-0.01182974913789767,-0.01460693430650925,-0.0011379054798524428,-0.010661156053067977,0.04015499491751484,2.442474029451334e-4,-0.015372900961539055,NaN,NaN,NaN,NaN,NaN,NaN,NaN
2017-10-01,0.01477363157644024,0.01971361247109209,0.012061572102230935,-0.011518508016284817,0.020873685450970056,0.015197111220363347,0.05294516174627795,-0.0018423547053658864,-0.014944784344039057,NaN,NaN,NaN,NaN,NaN,NaN,NaN
2018-01-01,-0.0039703286689991,-0.01349401206110008,-0.0037603002124436445,0.057468148182624385,-0.0028796315900546225,0.005930785270761596,0.04322665761180655,-0.0013089180856433926,-0.014923773954872387,0.07396166922884473,0.021632123253220614,-0.06319507155325677,-0.08285410997086817,0.05450814910605051,0.044264401193518266,0.009875080242776724
2018-04-01,0.010186724239047708,0.008353296696558644,0.0071699891616082935,-7.403673588851365e-4,0.022523089049133402,6.151667744341504e-4,0.058387965153871235,-0.0013863231317832372,-0.017198818961539054,NaN,NaN,NaN,NaN,NaN,NaN,NaN
2018-07-01,-0.0014565037314723792,-0.00702508032879996,-0.004412635927823237,0.025142023227401916,0.009201082356346134,0.0033529744212384637,0.05572363028196747,0.0014937244022603467,-0.01790093892153906,NaN,NaN,NaN,NaN,NaN,NaN,NaN
2018-10-01,0.0036787408438059845,0.004160166866301096,0.0015854979158808303,3.4719989068046544e-4,0.00958901651138737,-0.0045022733456593685,0.06460367963671843,0.0035980388974485664,-0.017610111383205722,NaN,NaN,NaN,NaN,NaN,NaN,NaN
2019-01-01,7.884220087402429e-4,0.0076006893212740454,-0.0032267046024566414,-0.02960172997137897,0.00913284650783146,0.0015022544050396712,0.06010394753036774,-0.004172887806078515,-0.018168354644039056,0.07610013569468077,0.0168629096486258,-0.06585111561137302,-0.0770061400884452,0.0561468221478707,0.052723995920047284,0.0074628571486693995
2019-04-01,0.01163597964819313,0.00863405287602086,0.013196158679650873,0.07297579567222715,0.001494630561729536,0.02116651028217128,0.06090562696679758,-9.713868614569434e-4,-0.019104357053205723,NaN,NaN,NaN,NaN,NaN,NaN,NaN
2019-07-01,-0.0031356522727700718,0.006110690712633526,-0.005250184041046245,-0.015906511400481355,-0.005390083097637955,-0.009166993977263537,0.06336355648560588,0.0012059490473465915,-0.021211685054039055,NaN,NaN,NaN,NaN,NaN,NaN,NaN
2019-10-01,-0.015326990480736212,-0.012437868026196796,-0.017166879994377913,-0.03983201432100278,-0.009748561132346524,-0.0132118987565785,0.049850435205597954,0.00187136107745676,-0.01963702869737239,NaN,NaN,NaN,NaN,NaN,NaN,NaN
2020-01-01,-0.022792789400029434,0.016604041145175486,-0.04064087009853754,0.04135899348444819,-0.026638208192859184,0.01542817244234137,0.038054947892074864,0.0014217122023798354,-0.01984918771737239,0.07610013569468077,0.012585377247337659,-0.06585111561137302,-0.071192170223025375,0.0561468221478707,0.03379598603452827,0.005448216751990864
2020-04-01,-0.06862526592465262,0.017645975835337935,-0.11323491023033458,0.10740494205963183,-0.08066355045794145,0.006681221934441062,-0.019446052848631545,0.003028502198115993,-0.020286745754872392,NaN,NaN,NaN,NaN,NaN,NaN,NaN
2020-07-01,0.08023280730227295,0.03901132392353916,0.11174251461746945,-0.07048622108378408,0.07064694931830966,0.04514841197697458,0.0028416098106296417,-0.018112719648673024,-0.020755616734872393,NaN,NaN,NaN,NaN,NaN,NaN,NaN
2020-10-01,-1.8253258936756648e-4,5.718567433012243e-4,-0.014473209443054278,-0.004256581270488531,0.03893501443584617,-0.017367053118062893,0.031947658039711335,0.0018193138056825462,-0.021486568778205723,NaN,NaN,NaN,NaN,NaN,NaN,NaN
2021-01-01,-0.015207860371374947,-0.0020562857702193906,-0.02077061324733673,-0.006251571449386346,-0.017851937585265334,-0.022304653382658225,0.042700941543475146,0.007064747278986408,-0.01878020969487239,0.07529874657739577,0.016692159199991008,-0.06478785129004305,-0.0770061400884452,0.05553263439184519,0.042069612932504,0.0074628571486693995
2021-04-01,0.02337425953955591,0.02254511497029037,0.019001281223212454,0.018634469125389602,0.03658128968818934,-0.011940937415237862,0.056624169297724514,-0.005721247379032698,-0.01733172214487239,NaN,NaN,NaN,NaN,NaN,NaN,NaN
2021-07-01,0.009036770011051689,-0.014308468124489892,0.031838963433372135,-0.03135392497842923,-0.018744224664141898,0.03329478637514257,0.04012520724009416,0.016960516374193692,-0.018074682603205723,NaN,NaN,NaN,NaN,NaN,NaN,NaN
2021-10-01,0.007740596613623753,-0.002816063580109174,0.009844064381847952,0.02355225132230912,0.011951451427238012,-0.02639593533344168,0.05823265921109311,0.004912234233997096,-0.014972742454039057,NaN,NaN,NaN,NaN,NaN,NaN,NaN
2022-01-01,0.02010061769451471,0.00750012269422855,0.026945787230246234,0.00457518434179685,0.01818317320663658,-0.013518492894634726,0.06954841512275411,0.01619169875927138,-0.014161670469872389,0.0811607404486312,0.01600886569885851,-0.06691551166715981,-0.0770061400884452,0.05900805442890289,0.04563370169502279,0.00706025364058066
2022-04-01,-0.006119768912287325,-0.02126083439643962,-0.005496641542337065,-0.03544584135767445,0.014276205483012049,-0.01941547472830677,0.06063970686323028,0.011160776243148688,-0.00845587491237239,NaN,NaN,NaN,NaN,NaN,NaN,NaN
2022-07-01,0.0021652569621022923,-0.018965673427050533,0.00835314633868425,0.05414659387007861,0.0011742996989502637,-0.0042615137659146925,0.0621436221502103,0.004380414279076631,-0.0050195102759973895,NaN,NaN,NaN,NaN,NaN,NaN,NaN
2022-10-01,-0.023971582706162564,-0.018015361461808,-0.02424967754354643,-0.038453676711579815,-0.027966982972259816,-0.011353969439483002,0.04391812133992001,0.01649319858954399,0.002292824552627609,NaN,NaN,NaN,NaN,NaN,NaN,NaN
2023-01-01,-0.0057895285688764325,-0.02280963858330749,1.6890484572176356e-4,-0.020847294544757394,-9.146167576355572e-4,-0.003023253623675537,0.06002146180315471,0.01792818287789142,0.004450326355512222,0.08142637997735491,0.01464087642943368,-0.06744813484885914,-0.07409492988098698,0.059212115239732355,0.043441919995679035,0.0065231966996377455
2023-04-01,0.0034653319505182924,0.0034115687529629344,0.0052754753552951795,3.080423328362383e-4,-0.001293762028045166,0.0020552904949796224,0.06487387991530458,0.0064328912338899955,0.0062664802016660715,NaN,NaN,NaN,NaN,NaN,NaN,NaN
2023-07-01,-0.014049949967410212,-0.0023165451973062414,-0.018239524982032938,0.018132200675779503,-0.020900682598397127,-0.007642583456041329,0.05940620236634153,0.004243870038274514,0.007304134047819919,NaN,NaN,NaN,NaN,NaN,NaN,NaN
2023-10-01,-0.01610437352936306,0.0010949769461811474,-0.016794028288340177,-0.007173642846705603,-0.03641253778438676,5.96459740373667e-4,0.04369841055203949,0.008015107672391756,0.007755018663204531,NaN,NaN,NaN,NaN,NaN,NaN,NaN
2024-01-01,0.0049197942667221235,-0.012569128048461508,0.01147222554068197,0.025162140885854806,0.003236036724947254,0.018675699423118607,0.05517486720504294,-0.0011059978041232568,0.007669543302627605,0.08142637997735491,0.01600886569885851,-0.06744813484885914,-0.0770061400884452,0.059212115239732355,0.051092230532141736,0.00706025364058066
2024-04-01,4.0592387305277275e-4,0.017965021117525893,-2.3956846799908383e-4,0.02562737612326141,-0.02403615889373574,-5.109813621206106e-4,0.05825835770454013,8.402092030608075e-4,0.007387518663204535,NaN,NaN,NaN,NaN,NaN,NaN,NaN
2024-07-01,-0.0035007959991559244,0.00397724949880478,-0.004788144693173101,-0.018896287243683835,-0.006765889531937198,3.3354777328228327e-4,0.05275551261833922,-1.0011201975992055e-4,0.006758396285582156,NaN,NaN,NaN,NaN,NaN,NaN,NaN
2024-10-01,-0.0068967476855187875,-0.00705687100655068,-0.008142615315421684,0.0157750265018696,-0.0073198990925154705,-0.012140009814816033,0.050397875030503414,0.0029998089350437938,0.005357714467400336,NaN,NaN,NaN,NaN,NaN,NaN,NaN
2025-01-01,0.019213179444617368,0.015013146033558456,0.020389261837065045,0.06371322877712951,0.012390986509036516,0.02142149697904657,0.062244358277695255,4.967973498817089e-4,NaN,NaN,NaN,NaN,NaN,NaN,NaN,NaN
2025-04-01,-0.004940725343806461,0.0018663996343876608,-0.004905801220978921,-0.022272876186827245,-0.011092956218154605,0.0035055396554036443,0.0602525528475093,0.004721833646940324,NaN,NaN,NaN,NaN,NaN,NaN,NaN,NaN
2025-07-01,-0.003520318711026148,0.0027030692551763156,-0.006686975051727194,3.1502557413079415e-4,-0.003109376361880202,0.0012525216648740733,0.06109476339668696,0.00206085927782638,NaN,NaN,NaN,NaN,NaN,NaN,NaN,NaN
