period,Ygrowth,GCgrowth,Cgrowth,GIgrowth,Igrowth,wgrowth,N,pi,RB,TOP10Ishare,TOP10Wshare
1991-01-01,NaN,NaN,NaN,NaN,NaN,NaN,0.03207014284344201,NaN,NaN,-0.09723653915561448,-0.10886951488741736
1991-04-01,0.0022539641392870574,0.042842024219573054,-0.012385991393725503,6.269527255651475e-4,0.005618452652524501,0.017717855436638213,0.02199618802783654,0.013074699451897301,NaN,NaN,NaN
1991-07-01,-0.004927986250511018,-0.004493729307250459,-0.007733200396068695,0.024832364806866927,-0.0025260152343226944,0.0033522240515129584,0.013876021320613496,0.001982206573845494,NaN,NaN,NaN
1991-10-01,0.010101583681127048,0.008031049663320234,0.01278179014529083,0.016952582749544944,0.004655231063206448,-0.004173692506514077,0.018101371684925205,0.021718478460214886,NaN,NaN,NaN
1992-01-01,0.012953427405159625,-0.0018433993267488276,0.009831471788884473,0.041928650388074945,0.028646445207104267,0.014691763721776534,0.01837974560709732,0.004587897790916598,NaN,-0.11421052554702138,-0.08646980358407896
1992-04-01,-0.010332809974913891,0.006164877485217647,-0.012067318696714478,-0.032725976719832656,-0.01601146676086704,-0.005837751315135937,0.013416730406698996,0.005211862500049661,NaN,NaN,NaN
1992-07-01,-0.008319806320127375,0.0164859877987371,-0.0011606727835032577,-0.0465292654546636,-0.04121676602057975,0.02529519353929825,0.0012039590254353527,0.015379152297783064,NaN,NaN,NaN
1992-10-01,-0.007061470731367058,0.0017215372390546506,0.0015598912765825484,-0.003952030919843948,-0.03735217898806639,-0.004357293473306673,-0.010740415481182097,0.0369427483038147,NaN,NaN,NaN
1993-01-01,-0.014195430776155225,-0.03315529939779461,7.248938383427666e-4,-0.03282381306615309,-0.03317117149576984,-0.004009464384175449,-0.01852575077934393,0.012875698534312788,NaN,-0.13147761035966798,-0.06289527871835632
1993-04-01,-0.019892348928502633,-0.004170503448333261,-0.023177351850804127,-0.036594859851013045,-0.023034631906978274,-0.010672450941912676,-0.035168909060633524,0.005038030688708764,NaN,NaN,NaN
1993-07-01,0.0012600376875741342,-0.004011581997553702,0.00589822208844818,-0.03328881043838325,-9.594119271509624e-4,0.0032745626335497877,-0.03839311318740535,0.007885537911009413,NaN,NaN,NaN
1993-10-01,-0.0036797545322785003,-0.00781302826305309,0.005893419834561187,-0.014877582316393108,-0.024480131698577854,0.0027570530262899626,-0.045592295336873256,0.006493351640581827,NaN,NaN,NaN
1994-01-01,0.011191893684260913,0.01000450682932973,0.0020622616936617827,0.02508874610151193,0.035725543481995664,-0.009985586343310222,-0.03893946590046937,-0.009013276084626229,0.011466237977751082,-0.14670969293997582,-0.056444238006956415
1994-04-01,5.956680401534636e-4,-0.00259605083867621,-0.0014765716076673091,-0.04516338483599244,0.016040619351518817,-0.008397170658760406,-0.04031646648594567,0.0010549940487129903,0.010291237977751083,NaN,NaN
1994-07-01,0.0011540050751807423,0.001283544092973034,0.003910424009670266,-0.04128137490368952,-3.6218547595631896e-4,-0.0012419770444846603,-0.0367766786013739,0.005512707139858611,0.010324572977751082,NaN,NaN
1994-10-01,0.005642252556096772,0.00862367249090722,-5.071319833876648e-4,0.04887730241355251,0.013554880511749827,-4.0544351606182664e-4,-0.03210350648344562,0.0012179475794335901,0.010632905477751083,NaN,NaN
1995-01-01,-0.01714032522866845,-0.012607820347297915,-0.006477172500639027,-0.09739204153611467,-0.03932535882476171,0.0027381874955541394,-0.03445302432292863,0.016887649766545533,0.011724570477751082,-0.15273380754335686,-0.044754607178674854
1995-04-01,0.0065213349044376595,0.010340754468699077,0.00780927377932531,-0.023735593509993855,0.003310125154564884,0.005162716395956262,-0.03309478188225068,0.012622757265081644,0.012207905477751083,NaN,NaN
1995-07-01,0.0034147231431855057,0.010474257714473845,0.0013237900958803844,0.0013430186696665992,0.002633680181992863,-0.0056593689464214565,-0.028508185234277228,-0.010917529543857293,0.011099570477751081,NaN,NaN
1995-10-01,-0.0017524304305852273,4.8374993862386906e-4,0.0025109514819633754,-0.04782740852240905,-0.009997614199569656,0.005872756879105306,-0.03306581976981704,-0.0016790122831866951,0.010632905477751083,NaN,NaN
1996-01-01,-0.012833584149429887,-0.006418473384523847,-0.00123036968656639,-0.04366808325862201,-0.04913227352255675,0.006040053534819772,-0.043993929473677085,-0.013312142786925848,0.008441237977751082,-0.12460022939615722,-0.029616455414511078
1996-04-01,0.01757732864769849,-0.0023259486218629817,5.182492927894638e-4,0.06635843506193642,0.08031144096186885,-0.014913173967572708,-0.0417505316201936,-0.01705719089252391,0.007207905477751083,NaN,NaN
1996-07-01,1.814038956115321e-4,0.006252042619854893,0.001120727225017249,0.04429406919678994,-0.0139816139465285,0.002996888697381944,-0.04223131079010933,-0.00312477749716635,0.006866237977751083,NaN,NaN
1996-10-01,0.0017016488222018405,-0.00740781782081724,0.001509574725125618,-0.02460493788517357,0.014725859141687917,-0.002324425798391833,-0.047147257165223166,-0.01513786646450079,0.005832905477751084,NaN,NaN
1997-01-01,-7.496777842207142e-4,-2.682816139334505e-4,0.00600133179429544,-0.036232394905107296,-0.015502290482495492,6.368562599164238e-4,-0.0556244567843418,-0.017604331867998833,0.005466237977751083,-0.09564999273365538,-0.01894209681131309
1997-04-01,0.0061345082639458265,-0.0012083231151536295,0.0014097905736950916,0.009457044764927617,0.02622526229175295,-0.006775314540821104,-0.04651602780464348,-0.011020715624549668,0.005182905477751081,NaN,NaN
1997-07-01,-0.0033121270552048604,-0.01807193171662581,-7.917503399842377e-5,-0.026036538441849253,0.004897231021757901,-0.005643160668990139,-0.04534690344473091,-0.007486582545409811,0.0051745704777510825,NaN,NaN
1997-10-01,5.937707339018e-4,-0.015881380293877766,0.003410645936706403,-0.08152251679903297,0.01792805013962531,0.0021529288959492407,-0.04835543214379179,-0.0027022030483983186,0.005449570477751083,NaN,NaN
1998-01-01,0.008810262280464366,0.01698134255922378,-0.001126797287564229,0.10370460973271503,0.017385112762920787,-0.0010817969326435031,-0.048331823256555495,-0.009309221148271726,0.0048745704777510826,-0.0758722330176127,-0.005757410783096106
1998-04-01,-0.015030032194285857,-0.009080427991132522,-0.013173481448736167,-0.04088626588566721,-0.022380804977761824,-0.005976754178000438,-0.04930706429999532,0.00162048214087516,0.004507905477751082,NaN,NaN
1998-07-01,0.003413194146446508,-0.004018380332120107,0.007030638444571225,0.008726846470369169,1.6743343971994755e-4,-0.001119816133250812,-0.04348390007543923,-0.0018580769344720607,0.004207905477751082,NaN,NaN
1998-10-01,-0.004052217053699258,-0.010321265047441363,0.00477007740139871,-0.05783042723619178,-0.016013852683846228,-9.183126342069028e-4,-0.04383593074215941,0.004326346187660127,0.0034245704777510827,NaN,NaN
1999-01-01,0.017627217146271613,0.03204663112246541,0.01012585965507188,0.19252641309509724,0.0029076905896836796,-0.0031488470563445117,-0.0437433589458367,-0.0034734005984202922,0.002087825279338383,-0.07711640114078078,0.0029367841315056653
1999-04-01,0.0018744293929965688,-0.002366236882945803,0.0034972308117770306,-3.0804203644005596e-4,0.0018744154086976197,0.010366755244120934,-0.042264122921534586,-0.0019584072979577285,9.534302854433876e-4,NaN,NaN
1999-07-01,0.0063386297124434,0.010632315648459335,6.61742362352869e-4,-0.016458081645821274,0.02112380809719119,0.004092391234987541,-0.039992476256629494,-0.00860340517259541,0.0011147228262359324,NaN,NaN
1999-10-01,0.0016425034630084606,-0.014195181563306802,0.009520955754607131,-0.0017614512149228567,-0.004302725197302211,0.002061991289789272,-0.03792714837309763,-0.006042265077451,0.002942814900828007,NaN,NaN
2000-01-01,0.014802762856083541,0.018864977776422032,0.010456235083586764,-0.0032916535127651436,0.025462107447467932,0.005501517483537593,-0.03217334734311983,-0.0076086185424855315,0.0032377764392895426,-0.07214898949836379,-0.002618785713096372
2000-04-01,0.00395783811601006,-0.012263048344299376,0.008592340507571551,-0.015060556151747369,0.009261610017496506,0.006060975992740619,-0.02998385252766589,-0.00597872056379469,0.005078254106783341,NaN,NaN
2000-07-01,0.0013904580538532168,-0.005213170397660126,0.0018519835762615183,0.004966662087047461,0.006078790855705866,0.0046264822033848345,-0.030332536807478938,-0.004172260326383645,0.006213276439289542,NaN,NaN
2000-10-01,-0.0020492927601534977,0.0013703645826257287,6.477478393333352e-4,0.01945742325979041,-0.015467850668882984,9.150346879139124e-4,-0.031245244664606098,-0.0024771007498931765,0.006936674485687587,NaN,NaN
2001-01-01,0.003627605295029846,7.719508757506504e-4,0.008576584233948838,-0.015583071467361683,-0.005014636419781811,-8.375176367355101e-5,-0.033698868147553185,1.7942499001264746e-4,0.0062280348527510776,-0.06905684108530963,-0.008205392421736124
2001-04-01,-0.010158230205993567,-0.010047396843663191,-0.005259254504909349,-0.02504031253687564,-0.02236813567626503,-0.0023466622232390546,-0.03409715949084546,-0.0024460858507438146,0.005837608945493016,NaN,NaN
2001-07-01,-0.005838352414134184,-0.005720413160547953,2.8157632520989847e-4,-0.011649932808829951,-0.023175791403946076,-0.004900381517112213,-0.0367817643185937,-0.0010399010875432792,0.005061045670058775,NaN,NaN
2001-10-01,-0.004537556323045499,0.013574795519880157,-0.002736985246367751,0.033894297991367256,-0.03402099379352472,-0.0018260046324964532,-0.03908791508479226,0.004528569868593272,0.0029967935333066386,NaN,NaN
2002-01-01,-0.011932891323764926,-0.00976769545461954,-0.00745740336233166,0.05698663766941928,-0.03860327876590028,-0.0024976872518713447,-0.04142426977269231,-0.0037963310292910193,0.002769907332589792,-0.06843955711509175,-0.008380477776293471
2002-04-01,-0.0060899375266459605,-2.8975090735029307e-4,-0.005187505572952744,-0.04987951228906115,-0.008820876480087643,1.7663000256721824e-4,-0.04102849832276867,-0.005556566974925589,0.0029813967079098174,NaN,NaN
2002-07-01,-0.0027929244282739124,-0.0038593284350201358,0.0028497004140807585,-0.004581550724286095,-0.01978019847896559,1.2976591438200154e-4,-0.04536883588098206,3.548076103609774e-4,0.002763397068660173,NaN,NaN
2002-10-01,-4.20683133827004e-4,0.011488286808460247,-7.138843294543723e-4,-0.034854867051098165,-0.00813411699239894,0.0010187950292550982,-0.051108092597482724,-9.177751748006471e-4,0.002156745790251085,NaN,NaN
2003-01-01,-0.006000484906579195,-0.028035401608511156,0.004006544812173474,-0.033678344202934224,-0.01015291215517153,-0.00744671322689246,-0.055582402782638596,-7.826528238808108e-4,0.0010796506761637818,-0.09216842567836259,-0.008380477776293471
2003-04-01,-0.0017137106824663623,-0.0034335484331438166,-4.5441663004649416e-4,0.04899710112403846,-0.011784372719859855,8.932767997791688e-4,-0.05620787360911006,-0.004505205449193214,2.641008809768884e-4,NaN,NaN
2003-07-01,0.0037459705538171245,0.015571182782452498,0.0022437994444954095,-0.01858907090374504,-0.001754970501155891,-6.607113973000236e-4,-0.055315664164543143,-8.300820787101783e-4,-2.8599687073376477e-4,NaN,NaN
2003-10-01,-0.0031148674341175625,-0.012244952807032538,-9.124430958130309e-4,-0.02892215615157354,0.0037216328200644615,6.237786794028141e-4,-0.060072533197097044,-0.004305549967670538,-2.604807722489163e-4,NaN,NaN
2004-01-01,-0.011450612226330113,-0.022277148425771342,-0.003422609801970366,-0.049397197567004864,-0.02119190620265241,-0.005411195053069268,-0.055906552014840294,-0.0014842037934346321,-4.793479597489164e-4,-0.05373791406758199,0.006910871435284238
2004-04-01,0.0013324564043343595,-0.004565788017711246,-9.440689777561774e-6,-0.04520191375143631,0.019109644168318975,-0.002521033959709446,-0.056796025799041416,1.6290090507318535e-4,-4.251509111378067e-4,NaN,NaN
2004-07-01,-0.002269564816542135,0.00309814683668085,-0.0034728952048307055,-0.010750495616127039,-0.003382991573925383,-0.00537216974936779,-0.0566360214148629,-0.003924764412692313,-3.430044464913405e-4,NaN,NaN
2004-10-01,-0.0014352198990864257,-0.017208943496200623,0.004978308362519813,-0.044361714817169745,1.2495235990075764e-4,-5.096841594695758e-4,-0.05960075174400181,-0.004440535073931181,-2.2376202224891513e-4,NaN,NaN
2005-01-01,-0.00847012096733487,-0.011991753436188423,-0.0019214207777170306,0.008337586583013782,-0.029747178916586823,-0.0023625636266117636,-0.07701050931491871,-0.003902153230448421,-2.828749254747227e-4,0.00299812755479989,0.019250359623029567
2005-04-01,0.010938273087656748,0.013661200812163033,0.006466159624347967,0.026372146865961923,0.02129525691828429,-0.00787723587864871,-0.06556449364728412,-0.004742518092357281,-3.226466376335304e-4,NaN,NaN
2005-07-01,-8.718635178244999e-4,-0.0055472792222775,-0.002672920039198245,0.041079750514548624,0.004906143694850788,-0.009992958171270733,-0.06439420171571264,-0.004267098960264911,-3.073983858852833e-4,NaN,NaN
2005-10-01,-4.374786965052283e-5,-0.01299400589634404,-0.0038061763517279407,-0.07555054682475368,0.037343455469409675,-0.007885241591578624,-0.05969110361757135,-0.0020700526495694063,2.25534852751081e-4,NaN,NaN
2006-01-01,0.013797840024450204,0.01779580311090333,0.018828867748902058,0.056719221029940786,-0.013573707308684542,0.001753116915230318,-0.04869839057475911,-0.007778923148078506,9.00237977751084e-4,0.017259635671747375,0.026209566186881306
2006-04-01,0.0055487616203694695,-0.016777145084280198,-0.0050063618161085505,0.07719384358033701,0.05593586524268093,-0.014909730474721845,-0.04656245460503072,-0.002470618815004785,0.0016053912035575348,NaN,NaN
2006-07-01,0.004224188531297835,0.002906034654714719,0.0027414691696944554,-0.011611047692535044,0.012592217792946973,0.004831769666527246,-0.03611946296099067,-0.0031373890260986328,0.002420007208520313,NaN,NaN
2006-10-01,0.009412359117232962,-0.0028744222212664467,0.007548439875512714,0.004146152907813531,0.028965523108442272,-0.008716305300499234,-0.025687063075804595,-7.840091004003482e-4,0.003341714168227276,NaN,NaN
2007-01-01,-0.0026659214616150057,0.002100502812058859,-0.01037322709135776,0.01980757285772985,0.013749855597389197,0.0037103064416435347,-0.014504590193744171,0.004513263788284297,0.003917214540251085,0.06157594277335943,0.04314917459841228
2007-04-01,-0.004225341150848016,-0.008191868373051091,0.0014163580566454509,-0.06516660684619555,-0.009906915999911422,-0.008828210231271744,-0.015858981701986075,-0.0035863534268148114,0.004535713784202695,NaN,NaN
2007-07-01,4.678473655931664e-4,-0.002258162527107875,3.1923373384837913e-4,0.010093134714074496,0.002557053744101116,4.914244864107462e-4,-0.01236569016823541,-0.0015354636233540133,0.00560058413159724,NaN,NaN
2007-10-01,0.0020525442949529743,0.00131998872498217,-0.0021360385519183173,-5.420932707429237e-4,0.01625645469137107,-0.0018962906056571751,-0.01046665443885253,-0.002899941175231754,0.006162214540251082,NaN,NaN
2008-01-01,0.015381469401828975,0.014541709399014325,0.01225211469917379,0.08972516087870866,0.01630743323472308,0.01658266715353211,0.004405458595065248,-0.002698465249341383,0.005556923461622049,0.057503723218938596,0.04977939945053089
2008-04-01,-0.003867778212297856,0.012094112618676201,-0.004131438032019729,-0.026030584221037743,-0.01657147541160151,0.0022753855573079238,-5.140143382149631e-4,-0.004123877058499056,0.006514402040251087,NaN,NaN
2008-07-01,-0.009114884091328511,-0.019606624039022035,-0.006446804355481361,-0.018344492509857233,-0.005275280662768696,-0.006161644967535868,-0.010398594465920397,-0.0022833681738023883,0.006820556159569265,NaN,NaN
2008-10-01,-0.007004638415455921,0.010037688092272335,-0.010960862062648756,0.023830697192032815,-0.016751846127199575,0.014616685420413982,-0.010179562368072048,-0.0013506615854131012,0.004972175477751085,NaN,NaN
2009-01-01,-0.025837128115855,0.006753727705778746,-0.012214201553876945,0.0014389159180861178,-0.11243516486278524,-0.01404239472530296,-0.02196408371277947,0.0046590413128399875,-6.167778952647892e-4,0.07074537055702079,0.03513443809086003
2009-04-01,0.011338509752986704,0.013388482708596373,0.011623210761533644,0.04364768049222392,0.002406369478522156,0.007977624982050496,-0.024670108199082108,-0.00274742300035726,-0.0023638426674102075,NaN,NaN
2009-07-01,-0.001723271649909896,0.007270676634028685,-0.004944682035167147,0.018654451643207472,-0.005167258141041993,0.007150283144309138,-0.023283549526094127,-0.0011028990004988883,-0.0034564892949761903,NaN,NaN
2009-10-01,-0.015866478937846727,-0.02365368751023601,-0.012010672647741215,-0.011242912132432422,-0.020984988982196005,-0.007255291063968234,-0.035084348533748866,-1.6276744352296778e-4,-0.0038287620222489166,NaN,NaN
2010-01-01,0.03662572760557118,0.04866853086182998,0.029831906076714633,0.011147833792046783,0.04946192701014687,0.028812582435550776,0.009039358285932053,-0.006408632507096465,-0.003980468371455267,0.05559766409864286,0.026209566186881306
2010-04-01,0.027184123635443237,-0.003408110392056028,0.021446738973863434,0.06243357053516754,0.07781435080134005,0.0011579586097081704,0.02194100986167058,-0.009064391205910313,-0.0039147937682806645,NaN,NaN
2010-07-01,-0.0017097049001898118,-2.4695121662810914e-4,-0.0029580742261741894,0.001796667928297716,-3.428066049513041e-5,-0.004362472677986024,0.026397890825490045,0.002125567125851083,-0.0034464135374004325,NaN,NaN
2010-10-01,-0.0072469230710741845,-0.010472542553221286,-0.0014122940640720278,-0.06728685146665422,-0.013852287941681115,-0.006706204544046874,0.02933565767597912,-0.0011130107120789403,-0.003081678688915584,NaN,NaN
2011-01-01,0.014796500519505353,0.0026549271289766268,0.002895239928727123,0.05592182833977469,0.0612527643125729,0.009684954557519315,0.03477669581501619,-0.004253826446227757,-0.002894152647248918,0.058319494848135256,0.020441950537706144
2011-04-01,0.0028857242082426576,-0.0011716114132245365,0.002163851734707934,-0.011534874807165947,0.01171475052366591,0.0015513648984982029,0.03214065245725095,-0.002359503623257561,-0.0020939207524076475,NaN,NaN
2011-07-01,-0.0029569329408972384,-0.010647537570392506,-0.004206558398938653,-2.8602820983578353e-4,0.00888858815290841,-0.004108013708499631,0.03170179419558217,-3.0660744358403623e-4,-0.0017303529313398252,NaN,NaN
2011-10-01,-0.0026517618165052487,-0.0021905748201966986,-8.120430903676085e-4,-0.03882424702117812,-0.0037548988139741463,0.001266279363127548,0.0305551068049823,-7.932220367563771e-4,-0.0018953245222489185,NaN,NaN
2012-01-01,0.006900774983529623,0.0029197495520045707,0.007945995457812417,0.023298190134785315,0.005506540460382707,0.00991894042510037,0.03230364163428856,-0.0038954422321731044,-0.0030264927914796865,0.04546197946454478,0.01138438199274483
2012-04-01,-0.002683709303291059,0.0013855816076559961,-0.005007311632563371,-0.05710169878363966,0.007744782118447117,0.00533408066079492,0.0282197103222126,-0.0021313869723696057,-0.0038980362157973046,NaN,NaN
2012-07-01,-0.007204257606744668,-0.00951191019392562,-0.005374001035874342,0.006544848204652646,-0.012402330750719922,-0.005568426743987904,0.025133056131240394,0.001359354917533898,-0.004729685099171994,NaN,NaN
2012-10-01,-0.004152001709220776,0.0013683156086681152,-0.004088953498755898,0.008033351426644878,-0.01228156305093184,0.001578905765242705,0.027225186509174826,-0.0010644633730705535,-0.005144308897248918,NaN,NaN
2013-01-01,-0.009674073581253571,0.008546005841647764,-0.005279857509003249,-0.08901277242735747,-0.03379293266375602,0.003539479182977739,0.022568585643248262,0.002966685803449812,-0.005105697506119885,0.08434376700875224,0.012756830312481204
2013-04-01,0.0044569812511969014,-0.008286247304748483,-0.0010031945707914209,0.08567761237855234,0.025251419510356168,-0.008033210820011367,0.023722004660627682,-0.003687156126587895,-0.005117135038121934,NaN,NaN
2013-07-01,0.0032373957932420377,0.007203649375558942,0.0012078027714456435,0.004899344086914973,0.004795198497853396,-0.002796548392071291,0.03134762547809,-3.440900790665693e-4,-0.005075049901036796,NaN,NaN
2013-10-01,-9.956686619770555e-4,-0.0032191412950990468,-0.007616559223584473,0.018616885324621826,0.019364589530827227,0.0010496372637672055,0.033579656153968074,-0.0011845159538786034,-0.005033957334748917,NaN,NaN
2014-01-01,-9.572612894005123e-4,-0.0025169819231909514,-0.004456584791086981,-0.04028762307476838,0.01692306385558864,-0.004184914411190694,0.037645114535492574,0.001851650458952284,-0.004895706466693362,0.09749838974355907,0.01839835309623994
2014-04-01,-0.008089056898548184,-0.00254749645227582,-0.006976459099306964,-0.03070160950715681,-0.0147148649002071,-3.1818532682944016e-4,0.034520693288749627,1.889351601884557e-4,-0.004888560409345692,NaN,NaN
2014-07-01,0.005363304248671519,0.005678735184326146,0.006969524569249075,-0.00871655644761968,0.0017814152107398487,0.005002431691826497,0.035376480308104696,-0.003212334960687643,-0.005221830204067099,NaN,NaN
2014-10-01,-3.719497628687724e-4,-0.003288634129089428,-0.0011313031186360395,0.009830714319146531,0.0037332128434997263,-0.00379133985221532,0.03609132441842533,-0.0011247245858059442,-0.005429972959748917,NaN,NaN
2015-01-01,-0.008233466054907344,-0.0065145531877910485,-0.010212556199241517,0.004426717028987363,-0.005936671237752629,-0.003304537474662045,0.037870971015592225,2.270313759642293e-4,-0.0055195556730425685,0.09514329248859055,0.018568812484703434
2015-04-01,0.0020290635635119908,2.2082533442423658e-4,0.004656406104300104,-0.014105714361755757,-0.0020367093812367638,7.64766697273028e-4,0.04022863507125596,9.04917158781585e-4,-0.005650524317330885,NaN,NaN
2015-07-01,6.787993455378621e-4,0.001398885767172277,-5.55326848757331e-4,0.0076324011798268015,0.0025740536565823906,0.0030428477741431367,0.03630325917137167,-0.0022918532030478302,-0.005702966567703463,NaN,NaN
2015-10-01,0.007113056102990989,0.0108126810461051,5.522034953199589e-4,0.07356025743653086,0.013661077605543274,0.002273566452469605,0.036662115185881916,-0.00302452641046049,-0.005856762022248918,NaN,NaN
2016-01-01,-0.014240333207071819,-0.016451484308301245,-0.018084043905243062,-0.005659177513408472,-0.0014594641095832825,-0.01746248069532182,0.0249626526547031,-0.0016808877640470867,-0.00610057653837795,0.09357014061722113,0.018739242821715796
2016-04-01,2.581210445526177e-4,0.005974947613989858,0.0015298932023214756,-0.052213297349966464,-0.002873889084209021,0.0030479779540684535,0.029502504471102142,-0.001660785548663243,-0.006279338945325841,NaN,NaN
2016-07-01,0.004821385993473293,7.589415464870257e-4,0.003981384524693355,0.007648546018102857,0.011403654593066496,9.114755238748659e-4,0.03285108705530426,-0.003258392705397314,-0.006379216567703462,NaN,NaN
2016-10-01,0.0032716862673004892,4.36707760239176e-4,0.00460073720391111,0.012321783586183103,0.0010327798874074903,0.0065032086514414215,0.03236964540808618,-0.0015301541454282499,-0.006414972959748917,NaN,NaN
2017-01-01,0.0041735367664443085,0.0014778354768594142,0.0028715467465518013,0.01372640191770949,0.009660239496313698,0.002113881645119203,0.03784728489756706,-0.002160811189782416,-0.0064533389453258405,0.08566704363429378,0.017033630946522327
2017-04-01,0.010451416534991077,0.0032302317716765743,0.007906557502713442,0.049606724036921374,0.02048904866547299,2.9965572215611986e-5,0.04478758274439265,-5.572855902032017e-4,-0.006458560409345692,NaN,NaN
2017-07-01,-0.009339538080738029,-0.009688503308303408,-0.0117410618595147,-0.014388603338435032,-0.0012320380108334658,-0.010792204882935825,0.04037809710695495,2.442474029451334e-4,-0.00645780048378738,NaN,NaN
2017-10-01,0.014753064751369317,0.019399175547918136,0.012150259380613905,-0.011298976179042937,0.02077994530559393,0.015066062390495499,0.05316826393571805,-0.0018423547053658864,-0.006455904879391776,NaN,NaN
2018-01-01,-0.003990895494070023,-0.013808448984274035,-0.0036716129340606746,0.0574957138057717,-0.002946904280474146,0.005799736440893748,0.04344975980124666,-0.0013089180856433926,-0.006454476307963204,0.07396166922884473,0.021632123253220614
2018-04-01,0.010166157413976785,0.008038859773384689,0.007258676439991263,-7.511941188033965e-4,0.022461883117285832,4.8411794456630327e-4,0.05861106734331134,-0.0013863231317832372,-0.006446738212725109,NaN,NaN
2018-07-01,-0.0014770705565433024,-0.007339517251973913,-0.004323948649440267,0.025399947447709372,0.009101275452398054,0.0032219255913706166,0.05594673247140758,0.0014937244022603467,-0.006432608176095072,NaN,NaN
2018-10-01,0.0036581740187350614,0.0038457299431271423,0.0016741851942638003,5.992145240596692e-4,0.00948985819083961,-0.0046333221755272165,0.06482678182615853,0.0035980388974485664,-0.006422551084748918,NaN,NaN
2019-01-01,7.678551836693198e-4,0.007286252398100092,-0.0031380173240736714,-0.02951896630257653,0.009058721451697975,0.0013712055751718241,0.060327049719807846,-0.004172887806078515,-0.006405111228598124,0.07610013569468077,0.0168629096486258
2019-04-01,0.011615412823122208,0.0083196159528469045,0.013284845958033843,0.07280806806345866,0.0014570534496005907,0.021035461452303433,0.06112872915623768,-9.713868614569434e-4,-0.006426020086765047,NaN,NaN
2019-07-01,-0.003156219097840995,0.005796253789459573,-0.005161496762663275,-0.015742426160065357,-0.005476902126805046,-0.009298042807131385,0.06358665867504598,0.0012059490473465915,-0.006623534749521645,NaN,NaN
2019-10-01,-0.015347557305807134,-0.012752304949370751,-0.017078192715994943,-0.039253563613315084,-0.009895791587453547,-0.013342947586446347,0.05007353739503806,0.00187136107745676,-0.006642238584748918,NaN,NaN
2020-01-01,-0.02985538923713634,0.009247571209963768,-0.047594215832190555,0.03410875481535805,-0.03371215545192993,0.008255090600437536,0.031236017069478983,0.0014217122023798354,-0.006647355772248918,0.07610013569468077,0.012585377247337659
2020-04-01,-0.07573780789268811,0.0102395637692012,-0.12023819809491618,0.10026218723699246,-0.08780191125625156,-5.418020383895663e-4,-0.033356958814191096,0.003028502198115993,-0.006391503957732789,NaN,NaN
2020-07-01,0.07306960976091217,0.031554256284077146,0.10468857117956434,-0.0775639198788469,0.06342817286810301,0.037874732430815114,-0.018211926871219752,-0.018112719648673024,-0.006811754446491342,NaN,NaN
2020-10-01,-0.007397114544195637,-0.006936595309629877,-0.021578537294428456,-0.010546864071393243,0.03153601342961479,-0.02469211707768611,0.0037001062281047936,0.0018193138056825462,-0.006940569714556609,NaN,NaN
2021-01-01,0.013242226804601666,0.026099931307652414,0.0077887280320919966,0.021679407502103423,0.010642835974362467,0.006034951788519687,0.04292404373291525,0.007064747278986408,-0.006989476307963203,0.07529874657739577,0.016692159199991008
2021-04-01,0.023353692714484987,0.022230678047116415,0.019089968501595424,0.01868665914029635,0.03651157893733806,-0.01207198624510571,0.05684727148716462,-0.005721247379032698,-0.006984912815899711,NaN,NaN
2021-07-01,0.009016203185980766,-0.014622905047663847,0.03192765071175511,-0.03153888287074433,-0.018777255324980733,0.03316373754527473,0.04034830942953427,0.016960516374193692,-0.006998307476794372,NaN,NaN
2021-10-01,0.00772002978855283,-0.0031305005032831274,0.009932751660230922,0.02506000460830873,0.011654305645603128,-0.026526984163309526,0.05845576140053321,0.004912234233997096,-0.007050921113158009,NaN,NaN
2022-01-01,0.02008005086944379,0.007185685771054597,0.027034474508629204,0.003526450624761005,0.018286533818946207,-0.013649541724502574,0.06977151731219422,0.01619169875927138,-0.00695360577228798,0.0811607404486312,0.01600886569885851
2022-04-01,-0.0061403357373582485,-0.021575271319613575,-0.005407954263954095,-0.035215977889792666,0.014177597587432115,-0.019546523558174617,0.060862809052670386,0.011160776243148688,-0.006517055673042569,NaN,NaN
2022-07-01,0.002144690137031369,-0.019280110350224488,0.00844183361706722,0.05370970779576692,0.0011833293330365793,-0.0043925625957825405,0.0623667243396504,0.004380414279076631,-0.004418345355582251,NaN,NaN
2022-10-01,-0.023992149531233485,-0.018329798384981954,-0.02416099026516346,-0.036264206756216194,-0.0283694022432037,-0.01148501826935085,0.04414122352936012,0.01649319858954399,-0.0012013792097489186,NaN,NaN
2023-01-01,-0.005810095393947356,-0.023124075506481444,2.575921241047335e-4,-0.022418886892280974,-7.32901431200946e-4,-0.003154302453543384,0.06024456399259481,0.01792818287789142,9.561225931356944e-4,0.08142637997735491,0.01464087642943368
2023-04-01,0.0034447651254473693,0.003097131829788981,0.0053641626336781495,6.375232716160618e-4,-0.0014055544878121848,0.0019242416651117753,0.06509698210474468,0.0064328912338899955,0.0027722764392895437,NaN,NaN
2023-07-01,-0.014070516792481134,-0.002630982120480195,-0.018150837703649968,0.017518713485653172,-0.020862447360981282,-0.007773632285909177,0.05962930455578164,0.004243870038274514,0.0038099302854433916,NaN,NaN
2023-10-01,-0.01612494035443398,7.80540023007194e-4,-0.016705341009957207,-0.00461682791414428,-0.03688875136352185,4.654109105058199e-4,0.043921512741479596,0.008015107672391756,0.004260814900828003,NaN,NaN
2024-01-01,0.0048992274416512,-0.012883564971635463,0.01156091281906494,0.023261268730058873,0.0034908785444969486,0.01854465059325076,0.05539796939448305,-0.0011059978041232568,0.0041753395402510775,0.08142637997735491,0.01600886569885851
2024-04-01,3.8535704798184963e-4,0.017650584194351938,-1.508811896161139e-4,0.02609987406802319,-0.02417382665780463,-6.420301919884577e-4,0.05848145989398024,8.402092030608075e-4,0.003893314900828007,NaN,NaN
2024-07-01,-0.0035213628242268475,0.0036628125756308265,-0.004699457414790131,-0.019775161004195383,-0.0066708019858738605,2.0249894341443616e-4,0.05297861480777932,-1.0011201975992055e-4,0.003264192523205628,NaN,NaN
2024-10-01,-0.006917314510589711,-0.007371307929724634,-0.008053928037038714,0.01889844365378626,-0.007935588801224443,-0.01227105864468388,0.05062097721994352,0.0029998089350437938,0.001863510705023808,NaN,NaN
2025-01-01,0.013922535046839636,0.009441857139040211,0.015221097144105501,0.039648011982297976,0.010525944776730104,0.016033596177834435,0.05721060849579285,4.967973498817089e-4,NaN,NaN,NaN
2025-04-01,-0.005353961443898291,0.0011554445460795109,-0.005213632107731924,-0.02282802593789721,-0.011526457567768463,0.0029779726604016008,0.05482228490047003,0.004721833646940324,NaN,NaN,NaN
2025-07-01,0.0026855522070600496,0.008277836723739485,-7.090833816071002e-4,0.005695346414288175,0.004720891404018017,0.007010677226741573,0.06155369984138481,0.00206085927782638,NaN,NaN,NaN
